statisticalAreaCode,statisticalArea,year,population
FRK21,Ain,1876,358298.0
FRE21,Aisne,1876,559242.0
FRK11,Allier,1876,405783.0
FRL01,Alpes-de-Haute-Provence,1876,136166.0
FRL02,Hautes-Alpes,1876,119094.0
FRL03,Alpes-Maritimes,1876,208324.0
FRK22,Ardèche,1876,384378.0
FRF21,Ardennes,1876,326782.0
FRJ21,Ariège,1876,244795.0
FRF22,Aube,1876,255217.0
FRJ11,Aude,1876,300065.0
FRJ22,Aveyron,1876,413826.0
FRL04,Bouches-du-Rhône,1876,556378.0
FRD11,Calvados,1876,448985.0
FRK12,Cantal,1876,231086.0
FRI31,Charente,1876,373950.0
FRI32,Charente-Maritime,1876,465628.0
FRB01,Cher,1876,345613.0
FRI21,Corrèze,1876,311439.0
FRC11,Côte-dOr,1876,377663.0
FRH01,Côtes-dArmor,1876,631509.0
FRI22,Creuse,1876,278423.0
FRI11,Dordogne,1876,489848.0
FRC21,Doubs,1876,306211.0
FRK23,Drôme,1876,321749.0
FRD21,Eure,1876,373629.0
FRB02,Eure-et-Loir,1876,282830.0
FRH02,Finistère,1876,666065.0
FRM01,Corse-du-Sud,1876,
FRM02,Haute-Corse,1876,
FRJ12,Gard,1876,423804.0
FRJ23,Haute-Garonne,1876,477730.0
FRJ24,Gers,1876,283546.0
FRI12,Gironde,1876,735242.0
FRJ13,Hérault,1876,445053.0
FRH03,Ille-et-Vilaine,1876,602713.0
FRB03,Indre,1876,281248.0
FRB04,Indre-et-Loire,1876,324875.0
FRK24,Isère,1876,555191.0
FRC22,Jura,1876,288721.0
FRI13,Landes,1876,303508.0
FRB05,Loir-et-Cher,1876,272634.0
FRK25,Loire,1876,590613.0
FRK13,Haute-Loire,1876,313721.0
FRG01,Loire-Atlantique,1876,614167.0
FRB06,Loiret,1876,360903.0
FRJ25,Lot,1876,276511.0
FRI14,Lot-et-Garonne,1876,316920.0
FRJ14,Lozère,1876,138101.0
FRG02,Maine-et-Loire,1876,516835.0
FRD12,Manche,1876,541160.0
FRF23,Marne,1876,407574.0
FRF24,Haute-Marne,1876,252280.0
FRG03,Mayenne,1876,351933.0
FRF31,Meurthe-et-Moselle,1876,404849.0
FRF32,Meuse,1876,293814.0
FRH04,Morbihan,1876,506572.0
FRF33,Moselle,1876,479997.0
FRC12,Nièvre,1876,346822.0
FRE11,Nord,1876,1520183.0
FRE22,Oise,1876,401618.0
FRD13,Orne,1876,392411.0
FRE12,Pas-de-Calais,1876,794518.0
FRK14,Puy-de-Dôme,1876,570208.0
FRI15,Pyrénées-Atlantiques,1876,431527.0
FRJ26,Hautes-Pyrénées,1876,238037.0
FRJ15,Pyrénées-Orientales,1876,197930.0
FRF11,Bas-Rhin,1876,598180.0
FRF12,Haut-Rhin,1876,453374.0
FRK26,Rhône,1876,738024.0
FRC23,Haute-Saône,1876,304524.0
FRC13,Saône-et-Loire,1876,614309.0
FRG04,Sarthe,1876,446239.0
FRK27,Savoie,1876,268361.0
FRK28,Haute-Savoie,1876,273801.0
FR101,Paris,1876,1990806.0
FRD22,Seine-Maritime,1876,798414.0
FR102,Seine-et-Marne,1876,347323.0
FR103,Yvelines,1876,235511.0
FRI33,Deux-Sèvres,1876,335884.0
FRE23,Somme,1876,555263.0
FRJ27,Tarn,1876,359232.0
FRJ28,Tarn-et-Garonne,1876,221364.0
FRL05,Var,1876,295762.0
FRL06,Vaucluse,1876,255703.0
FRG05,Vendée,1876,411781.0
FRI34,Vienne,1876,330916.0
FRI23,Haute-Vienne,1876,336061.0
FRF34,Vosges,1876,407082.0
FRC14,Yonne,1876,359070.0
FRC24,Territoire de Belfort,1876,61377.0
FR104,Essonne,1876,135919.0
FR105,Hauts-de-Seine,1876,208482.0
FR106,Seine-Saint-Denis,1876,138099.0
FR107,Val-de-Marne,1876,136600.0
FR108,Val-dOise,1876,129655.0
FRY10,Guadeloupe,1876,
FRY20,Martinique,1876,
FRY30,Guyane,1876,
FRY40,La Réunion,1876,
FRK21,Ain,1881,356980.0
FRE21,Aisne,1881,556284.0
FRK11,Allier,1881,416759.0
FRL01,Alpes-de-Haute-Provence,1881,131899.0
FRL02,Hautes-Alpes,1881,121787.0
FRL03,Alpes-Maritimes,1881,230854.0
FRK22,Ardèche,1881,376907.0
FRF21,Ardennes,1881,333675.0
FRJ21,Ariège,1881,240601.0
FRF22,Aube,1881,255326.0
FRJ11,Aude,1881,327988.0
FRJ22,Aveyron,1881,415075.0
FRL04,Bouches-du-Rhône,1881,589027.0
FRD11,Calvados,1881,438583.0
FRK12,Cantal,1881,236190.0
FRI31,Charente,1881,370822.0
FRI32,Charente-Maritime,1881,466416.0
FRB01,Cher,1881,351405.0
FRI21,Corrèze,1881,316977.0
FRC11,Côte-dOr,1881,382819.0
FRH01,Côtes-dArmor,1881,627585.0
FRI22,Creuse,1881,278782.0
FRI11,Dordogne,1881,495037.0
FRC21,Doubs,1881,310915.0
FRK23,Drôme,1881,313763.0
FRD21,Eure,1881,364291.0
FRB02,Eure-et-Loir,1881,279877.0
FRH02,Finistère,1881,681234.0
FRM01,Corse-du-Sud,1881,
FRM02,Haute-Corse,1881,
FRJ12,Gard,1881,415629.0
FRJ23,Haute-Garonne,1881,478009.0
FRJ24,Gers,1881,281532.0
FRI12,Gironde,1881,748703.0
FRJ13,Hérault,1881,441527.0
FRH03,Ille-et-Vilaine,1881,615480.0
FRB03,Indre,1881,287759.0
FRB04,Indre-et-Loire,1881,329160.0
FRK24,Isère,1881,555438.0
FRC22,Jura,1881,285175.0
FRI13,Landes,1881,301143.0
FRB05,Loir-et-Cher,1881,275713.0
FRK25,Loire,1881,599837.0
FRK13,Haute-Loire,1881,316461.0
FRG01,Loire-Atlantique,1881,626818.0
FRB06,Loiret,1881,368526.0
FRJ25,Lot,1881,280271.0
FRI14,Lot-et-Garonne,1881,312083.0
FRJ14,Lozère,1881,143566.0
FRG02,Maine-et-Loire,1881,523057.0
FRD12,Manche,1881,527639.0
FRF23,Marne,1881,421590.0
FRF24,Haute-Marne,1881,254722.0
FRG03,Mayenne,1881,344881.0
FRF31,Meurthe-et-Moselle,1881,419514.0
FRF32,Meuse,1881,289632.0
FRH04,Morbihan,1881,521614.0
FRF33,Moselle,1881,492464.0
FRC12,Nièvre,1881,347576.0
FRE11,Nord,1881,1603774.0
FRE22,Oise,1881,404555.0
FRD13,Orne,1881,376111.0
FRE12,Pas-de-Calais,1881,820344.0
FRK14,Puy-de-Dôme,1881,566064.0
FRI15,Pyrénées-Atlantiques,1881,434366.0
FRJ26,Hautes-Pyrénées,1881,236474.0
FRJ15,Pyrénées-Orientales,1881,208855.0
FRF11,Bas-Rhin,1881,612012.0
FRF12,Haut-Rhin,1881,461942.0
FRK26,Rhône,1881,772795.0
FRC23,Haute-Saône,1881,296361.0
FRC13,Saône-et-Loire,1881,625589.0
FRG04,Sarthe,1881,438917.0
FRK27,Savoie,1881,266438.0
FRK28,Haute-Savoie,1881,274087.0
FR101,Paris,1881,2269023.0
FRD22,Seine-Maritime,1881,814068.0
FR102,Seine-et-Marne,1881,348991.0
FR103,Yvelines,1881,236471.0
FRI33,Deux-Sèvres,1881,349345.0
FRE23,Somme,1881,549515.0
FRJ27,Tarn,1881,359223.0
FRJ28,Tarn-et-Garonne,1881,217056.0
FRL05,Var,1881,288577.0
FRL06,Vaucluse,1881,244149.0
FRG05,Vendée,1881,421642.0
FRI34,Vienne,1881,340295.0
FRI23,Haute-Vienne,1881,349332.0
FRF34,Vosges,1881,406862.0
FRC14,Yonne,1881,357029.0
FRC24,Territoire de Belfort,1881,74244.0
FR104,Essonne,1881,140035.0
FR105,Hauts-de-Seine,1881,254928.0
FR106,Seine-Saint-Denis,1881,180412.0
FR107,Val-de-Marne,1881,161607.0
FR108,Val-dOise,1881,134859.0
FRY10,Guadeloupe,1881,
FRY20,Martinique,1881,
FRY30,Guyane,1881,
FRY40,La Réunion,1881,
FRK21,Ain,1886,357207.0
FRE21,Aisne,1886,555436.0
FRK11,Allier,1886,424582.0
FRL01,Alpes-de-Haute-Provence,1886,129494.0
FRL02,Hautes-Alpes,1886,122924.0
FRL03,Alpes-Maritimes,1886,241810.0
FRK22,Ardèche,1886,375472.0
FRF21,Ardennes,1886,332759.0
FRJ21,Ariège,1886,237619.0
FRF22,Aube,1886,257374.0
FRJ11,Aude,1886,332080.0
FRJ22,Aveyron,1886,415826.0
FRL04,Bouches-du-Rhône,1886,604857.0
FRD11,Calvados,1886,436115.0
FRK12,Cantal,1886,241742.0
FRI31,Charente,1886,366408.0
FRI32,Charente-Maritime,1886,462803.0
FRB01,Cher,1886,355349.0
FRI21,Corrèze,1886,326400.0
FRC11,Côte-dOr,1886,381574.0
FRH01,Côtes-dArmor,1886,628256.0
FRI22,Creuse,1886,284942.0
FRI11,Dordogne,1886,492205.0
FRC21,Doubs,1886,311076.0
FRK23,Drôme,1886,314615.0
FRD21,Eure,1886,358829.0
FRB02,Eure-et-Loir,1886,283491.0
FRH02,Finistère,1886,707821.0
FRM01,Corse-du-Sud,1886,
FRM02,Haute-Corse,1886,
FRJ12,Gard,1886,417099.0
FRJ23,Haute-Garonne,1886,481170.0
FRJ24,Gers,1886,274391.0
FRI12,Gironde,1886,775845.0
FRJ13,Hérault,1886,439044.0
FRH03,Ille-et-Vilaine,1886,621384.0
FRB03,Indre,1886,296147.0
FRB04,Indre-et-Loire,1886,340921.0
FRK24,Isère,1886,555845.0
FRC22,Jura,1886,281179.0
FRI13,Landes,1886,302266.0
FRB05,Loir-et-Cher,1886,279214.0
FRK25,Loire,1886,603384.0
FRK13,Haute-Loire,1886,320063.0
FRG01,Loire-Atlantique,1886,645220.0
FRB06,Loiret,1886,374875.0
FRJ25,Lot,1886,271513.0
FRI14,Lot-et-Garonne,1886,307437.0
FRJ14,Lozère,1886,141264.0
FRG02,Maine-et-Loire,1886,527122.0
FRD12,Manche,1886,522032.0
FRF23,Marne,1886,429322.0
FRF24,Haute-Marne,1886,247611.0
FRG03,Mayenne,1886,340063.0
FRF31,Meurthe-et-Moselle,1886,431946.0
FRF32,Meuse,1886,291718.0
FRH04,Morbihan,1886,535254.0
FRF33,Moselle,1886,489476.0
FRC12,Nièvre,1886,347645.0
FRE11,Nord,1886,1670668.0
FRE22,Oise,1886,403086.0
FRD13,Orne,1886,367233.0
FRE12,Pas-de-Calais,1886,854787.0
FRK14,Puy-de-Dôme,1886,570964.0
FRI15,Pyrénées-Atlantiques,1886,432999.0
FRJ26,Hautes-Pyrénées,1886,234825.0
FRJ15,Pyrénées-Orientales,1886,211187.0
FRF11,Bas-Rhin,1886,612077.0
FRF12,Haut-Rhin,1886,462549.0
FRK26,Rhône,1886,806248.0
FRC23,Haute-Saône,1886,291401.0
FRC13,Saône-et-Loire,1886,625885.0
FRG04,Sarthe,1886,436111.0
FRK27,Savoie,1886,267428.0
FRK28,Haute-Savoie,1886,275018.0
FR101,Paris,1886,2344550.0
FRD22,Seine-Maritime,1886,833386.0
FR102,Seine-et-Marne,1886,355136.0
FR103,Yvelines,1886,247910.0
FRI33,Deux-Sèvres,1886,352988.0
FRE23,Somme,1886,547721.0
FRJ27,Tarn,1886,358757.0
FRJ28,Tarn-et-Garonne,1886,214046.0
FRL05,Var,1886,283689.0
FRL06,Vaucluse,1886,241787.0
FRG05,Vendée,1886,434809.0
FRI34,Vienne,1886,342785.0
FRI23,Haute-Vienne,1886,363182.0
FRF34,Vosges,1886,413707.0
FRC14,Yonne,1886,355364.0
FRC24,Territoire de Belfort,1886,79758.0
FR104,Essonne,1886,147693.0
FR105,Hauts-de-Seine,1886,293386.0
FR106,Seine-Saint-Denis,1886,207901.0
FR107,Val-de-Marne,1886,194926.0
FR108,Val-dOise,1886,143028.0
FRY10,Guadeloupe,1886,
FRY20,Martinique,1886,
FRY30,Guyane,1886,
FRY40,La Réunion,1886,
FRK21,Ain,1891,350841.0
FRE21,Aisne,1891,544919.0
FRK11,Allier,1891,424382.0
FRL01,Alpes-de-Haute-Provence,1891,124285.0
FRL02,Hautes-Alpes,1891,115522.0
FRL03,Alpes-Maritimes,1891,261837.0
FRK22,Ardèche,1891,371269.0
FRF21,Ardennes,1891,324923.0
FRJ21,Ariège,1891,227491.0
FRF22,Aube,1891,255548.0
FRJ11,Aude,1891,317372.0
FRJ22,Aveyron,1891,400467.0
FRL04,Bouches-du-Rhône,1891,630622.0
FRD11,Calvados,1891,427796.0
FRK12,Cantal,1891,239601.0
FRI31,Charente,1891,360259.0
FRI32,Charente-Maritime,1891,456202.0
FRB01,Cher,1891,359276.0
FRI21,Corrèze,1891,328022.0
FRC11,Côte-dOr,1891,376866.0
FRH01,Côtes-dArmor,1891,618734.0
FRI22,Creuse,1891,284633.0
FRI11,Dordogne,1891,478480.0
FRC21,Doubs,1891,303176.0
FRK23,Drôme,1891,306419.0
FRD21,Eure,1891,349471.0
FRB02,Eure-et-Loir,1891,284452.0
FRH02,Finistère,1891,727013.0
FRM01,Corse-du-Sud,1891,
FRM02,Haute-Corse,1891,
FRJ12,Gard,1891,419388.0
FRJ23,Haute-Garonne,1891,472383.0
FRJ24,Gers,1891,261084.0
FRI12,Gironde,1891,793528.0
FRJ13,Hérault,1891,461651.0
FRH03,Ille-et-Vilaine,1891,626875.0
FRB03,Indre,1891,292868.0
FRB04,Indre-et-Loire,1891,337298.0
FRK24,Isère,1891,547425.0
FRC22,Jura,1891,272933.0
FRI13,Landes,1891,297842.0
FRB05,Loir-et-Cher,1891,280358.0
FRK25,Loire,1891,616227.0
FRK13,Haute-Loire,1891,316735.0
FRG01,Loire-Atlantique,1891,646570.0
FRB06,Loiret,1891,377718.0
FRJ25,Lot,1891,253884.0
FRI14,Lot-et-Garonne,1891,295360.0
FRJ14,Lozère,1891,135527.0
FRG02,Maine-et-Loire,1891,518075.0
FRD12,Manche,1891,514979.0
FRF23,Marne,1891,434579.0
FRF24,Haute-Marne,1891,243322.0
FRG03,Mayenne,1891,332387.0
FRF31,Meurthe-et-Moselle,1891,444389.0
FRF32,Meuse,1891,292014.0
FRH04,Morbihan,1891,544470.0
FRF33,Moselle,1891,510136.0
FRC12,Nièvre,1891,343581.0
FRE11,Nord,1891,1736795.0
FRE22,Oise,1891,401835.0
FRD13,Orne,1891,354372.0
FRE12,Pas-de-Calais,1891,875494.0
FRK14,Puy-de-Dôme,1891,564266.0
FRI15,Pyrénées-Atlantiques,1891,425027.0
FRJ26,Hautes-Pyrénées,1891,225861.0
FRJ15,Pyrénées-Orientales,1891,210125.0
FRF11,Bas-Rhin,1891,621505.0
FRF12,Haut-Rhin,1891,471609.0
FRK26,Rhône,1891,837524.0
FRC23,Haute-Saône,1891,281300.0
FRC13,Saône-et-Loire,1891,618523.0
FRG04,Sarthe,1891,429737.0
FRK27,Savoie,1891,263297.0
FRK28,Haute-Savoie,1891,268267.0
FR101,Paris,1891,2447957.0
FRD22,Seine-Maritime,1891,839876.0
FR102,Seine-et-Marne,1891,356709.0
FR103,Yvelines,1891,250552.0
FRI33,Deux-Sèvres,1891,353489.0
FRE23,Somme,1891,545365.0
FRJ27,Tarn,1891,346739.0
FRJ28,Tarn-et-Garonne,1891,206596.0
FRL05,Var,1891,288336.0
FRL06,Vaucluse,1891,235411.0
FRG05,Vendée,1891,442354.0
FRI34,Vienne,1891,344355.0
FRI23,Haute-Vienne,1891,372878.0
FRF34,Vosges,1891,410196.0
FRC14,Yonne,1891,344688.0
FRC24,Territoire de Belfort,1891,83670.0
FR104,Essonne,1891,151734.0
FR105,Hauts-de-Seine,1891,332076.0
FR106,Seine-Saint-Denis,1891,230992.0
FR107,Val-de-Marne,1891,213706.0
FR108,Val-dOise,1891,143387.0
FRY10,Guadeloupe,1891,
FRY20,Martinique,1891,
FRY30,Guyane,1891,
FRY40,La Réunion,1891,
FRK21,Ain,1896,345516.0
FRE21,Aisne,1896,541058.0
FRK11,Allier,1896,424378.0
FRL01,Alpes-de-Haute-Provence,1896,118142.0
FRL02,Hautes-Alpes,1896,113229.0
FRL03,Alpes-Maritimes,1896,268963.0
FRK22,Ardèche,1896,363501.0
FRF21,Ardennes,1896,318865.0
FRJ21,Ariège,1896,219641.0
FRF22,Aube,1896,251435.0
FRJ11,Aude,1896,310513.0
FRJ22,Aveyron,1896,389464.0
FRL04,Bouches-du-Rhône,1896,673819.0
FRD11,Calvados,1896,416090.0
FRK12,Cantal,1896,234382.0
FRI31,Charente,1896,356236.0
FRI32,Charente-Maritime,1896,453455.0
FRB01,Cher,1896,347725.0
FRI21,Corrèze,1896,322309.0
FRC11,Côte-dOr,1896,368168.0
FRH01,Côtes-dArmor,1896,616197.0
FRI22,Creuse,1896,279366.0
FRI11,Dordogne,1896,464822.0
FRC21,Doubs,1896,302143.0
FRK23,Drôme,1896,303491.0
FRD21,Eure,1896,340652.0
FRB02,Eure-et-Loir,1896,280226.0
FRH02,Finistère,1896,739648.0
FRM01,Corse-du-Sud,1896,
FRM02,Haute-Corse,1896,
FRJ12,Gard,1896,416035.0
FRJ23,Haute-Garonne,1896,459377.0
FRJ24,Gers,1896,250472.0
FRI12,Gironde,1896,809902.0
FRJ13,Hérault,1896,469674.0
FRH03,Ille-et-Vilaine,1896,622039.0
FRB03,Indre,1896,289207.0
FRB04,Indre-et-Loire,1896,337064.0
FRK24,Isère,1896,542920.0
FRC22,Jura,1896,266046.0
FRI13,Landes,1896,292884.0
FRB05,Loir-et-Cher,1896,278153.0
FRK25,Loire,1896,625336.0
FRK13,Haute-Loire,1896,316699.0
FRG01,Loire-Atlantique,1896,647398.0
FRB06,Loiret,1896,371019.0
FRJ25,Lot,1896,240403.0
FRI14,Lot-et-Garonne,1896,286377.0
FRJ14,Lozère,1896,132151.0
FRG02,Maine-et-Loire,1896,514406.0
FRD12,Manche,1896,501153.0
FRF23,Marne,1896,439442.0
FRF24,Haute-Marne,1896,231898.0
FRG03,Mayenne,1896,321187.0
FRF31,Meurthe-et-Moselle,1896,466654.0
FRF32,Meuse,1896,290147.0
FRH04,Morbihan,1896,552028.0
FRF33,Moselle,1896,524879.0
FRC12,Nièvre,1896,333899.0
FRE11,Nord,1896,1812312.0
FRE22,Oise,1896,404511.0
FRD13,Orne,1896,339147.0
FRE12,Pas-de-Calais,1896,907370.0
FRK14,Puy-de-Dôme,1896,555078.0
FRI15,Pyrénées-Atlantiques,1896,423572.0
FRJ26,Hautes-Pyrénées,1896,218973.0
FRJ15,Pyrénées-Orientales,1896,208387.0
FRF11,Bas-Rhin,1896,638609.0
FRF12,Haut-Rhin,1896,477477.0
FRK26,Rhône,1896,870396.0
FRC23,Haute-Saône,1896,273296.0
FRC13,Saône-et-Loire,1896,621236.0
FRG04,Sarthe,1896,425077.0
FRK27,Savoie,1896,259790.0
FRK28,Haute-Savoie,1896,265872.0
FR101,Paris,1896,2536834.0
FRD22,Seine-Maritime,1896,837824.0
FR102,Seine-et-Marne,1896,359034.0
FR103,Yvelines,1896,263462.0
FRI33,Deux-Sèvres,1896,345932.0
FRE23,Somme,1896,542158.0
FRJ27,Tarn,1896,339369.0
FRJ28,Tarn-et-Garonne,1896,200390.0
FRL05,Var,1896,309191.0
FRL06,Vaucluse,1896,236313.0
FRG05,Vendée,1896,441735.0
FRI34,Vienne,1896,338114.0
FRI23,Haute-Vienne,1896,375724.0
FRF34,Vosges,1896,421412.0
FRC14,Yonne,1896,332656.0
FRC24,Territoire de Belfort,1896,88047.0
FR104,Essonne,1896,159506.0
FR105,Hauts-de-Seine,1896,386737.0
FR106,Seine-Saint-Denis,1896,262735.0
FR107,Val-de-Marne,1896,246351.0
FR108,Val-dOise,1896,154118.0
FRY10,Guadeloupe,1896,
FRY20,Martinique,1896,
FRY30,Guyane,1896,
FRY40,La Réunion,1896,
FRK21,Ain,1901,343179.0
FRE21,Aisne,1901,535088.0
FRK11,Allier,1901,422024.0
FRL01,Alpes-de-Haute-Provence,1901,115021.0
FRL02,Hautes-Alpes,1901,109510.0
FRL03,Alpes-Maritimes,1901,297562.0
FRK22,Ardèche,1901,353564.0
FRF21,Ardennes,1901,315589.0
FRJ21,Ariège,1901,210527.0
FRF22,Aube,1901,246163.0
FRJ11,Aude,1901,313531.0
FRJ22,Aveyron,1901,382074.0
FRL04,Bouches-du-Rhône,1901,734347.0
FRD11,Calvados,1901,409125.0
FRK12,Cantal,1901,230511.0
FRI31,Charente,1901,350305.0
FRI32,Charente-Maritime,1901,452149.0
FRB01,Cher,1901,345543.0
FRI21,Corrèze,1901,318329.0
FRC11,Côte-dOr,1901,361626.0
FRH01,Côtes-dArmor,1901,609349.0
FRI22,Creuse,1901,277785.0
FRI11,Dordogne,1901,452951.0
FRC21,Doubs,1901,298973.0
FRK23,Drôme,1901,297321.0
FRD21,Eure,1901,334781.0
FRB02,Eure-et-Loir,1901,275194.0
FRH02,Finistère,1901,773015.0
FRM01,Corse-du-Sud,1901,
FRM02,Haute-Corse,1901,
FRJ12,Gard,1901,420835.0
FRJ23,Haute-Garonne,1901,448481.0
FRJ24,Gers,1901,238448.0
FRI12,Gironde,1901,821131.0
FRJ13,Hérault,1901,489077.0
FRH03,Ille-et-Vilaine,1901,613567.0
FRB03,Indre,1901,288788.0
FRB04,Indre-et-Loire,1901,335541.0
FRK24,Isère,1901,544254.0
FRC22,Jura,1901,261179.0
FRI13,Landes,1901,291586.0
FRB05,Loir-et-Cher,1901,275538.0
FRK25,Loire,1901,647634.0
FRK13,Haute-Loire,1901,314058.0
FRG01,Loire-Atlantique,1901,666165.0
FRB06,Loiret,1901,366660.0
FRJ25,Lot,1901,226720.0
FRI14,Lot-et-Garonne,1901,278740.0
FRJ14,Lozère,1901,128866.0
FRG02,Maine-et-Loire,1901,514242.0
FRD12,Manche,1901,492440.0
FRF23,Marne,1901,432755.0
FRF24,Haute-Marne,1901,226367.0
FRG03,Mayenne,1901,313103.0
FRF31,Meurthe-et-Moselle,1901,484934.0
FRF32,Meuse,1901,283268.0
FRH04,Morbihan,1901,563468.0
FRF33,Moselle,1901,565163.0
FRC12,Nièvre,1901,323783.0
FRE11,Nord,1901,1867408.0
FRE22,Oise,1901,407808.0
FRD13,Orne,1901,326937.0
FRE12,Pas-de-Calais,1901,956466.0
FRK14,Puy-de-Dôme,1901,544194.0
FRI15,Pyrénées-Atlantiques,1901,426347.0
FRJ26,Hautes-Pyrénées,1901,215546.0
FRJ15,Pyrénées-Orientales,1901,212121.0
FRF11,Bas-Rhin,1901,659432.0
FRF12,Haut-Rhin,1901,495209.0
FRK26,Rhône,1901,874855.0
FRC23,Haute-Saône,1901,266991.0
FRC13,Saône-et-Loire,1901,620360.0
FRG04,Sarthe,1901,422699.0
FRK27,Savoie,1901,254781.0
FRK28,Haute-Savoie,1901,263803.0
FR101,Paris,1901,2714068.0
FRD22,Seine-Maritime,1901,853883.0
FR102,Seine-et-Marne,1901,358325.0
FR103,Yvelines,1901,270228.0
FRI33,Deux-Sèvres,1901,341696.0
FRE23,Somme,1901,536773.0
FRJ27,Tarn,1901,332093.0
FRJ28,Tarn-et-Garonne,1901,195669.0
FRL05,Var,1901,326385.0
FRL06,Vaucluse,1901,236949.0
FRG05,Vendée,1901,441311.0
FRI34,Vienne,1901,336343.0
FRI23,Haute-Vienne,1901,381853.0
FRF34,Vosges,1901,421101.0
FRC14,Yonne,1901,321062.0
FRC24,Territoire de Belfort,1901,92304.0
FR104,Essonne,1901,164625.0
FR105,Hauts-de-Seine,1901,467391.0
FR106,Seine-Saint-Denis,1901,307329.0
FR107,Val-de-Marne,1901,288879.0
FR108,Val-dOise,1901,164962.0
FRY10,Guadeloupe,1901,
FRY20,Martinique,1901,
FRY30,Guyane,1901,
FRY40,La Réunion,1901,
FRK21,Ain,1906,338686.0
FRE21,Aisne,1906,534021.0
FRK11,Allier,1906,417961.0
FRL01,Alpes-de-Haute-Provence,1906,113126.0
FRL02,Hautes-Alpes,1906,107498.0
FRL03,Alpes-Maritimes,1906,339406.0
FRK22,Ardèche,1906,347140.0
FRF21,Ardennes,1906,317505.0
FRJ21,Ariège,1906,205684.0
FRF22,Aube,1906,243670.0
FRJ11,Aude,1906,308327.0
FRJ22,Aveyron,1906,377299.0
FRL04,Bouches-du-Rhône,1906,765918.0
FRD11,Calvados,1906,402434.0
FRK12,Cantal,1906,228690.0
FRI31,Charente,1906,351733.0
FRI32,Charente-Maritime,1906,453793.0
FRB01,Cher,1906,343484.0
FRI21,Corrèze,1906,317430.0
FRC11,Côte-dOr,1906,357959.0
FRH01,Côtes-dArmor,1906,611506.0
FRI22,Creuse,1906,274109.0
FRI11,Dordogne,1906,447052.0
FRC21,Doubs,1906,298537.0
FRK23,Drôme,1906,297270.0
FRD21,Eure,1906,330140.0
FRB02,Eure-et-Loir,1906,273584.0
FRH02,Finistère,1906,795103.0
FRM01,Corse-du-Sud,1906,
FRM02,Haute-Corse,1906,
FRJ12,Gard,1906,421166.0
FRJ23,Haute-Garonne,1906,442065.0
FRJ24,Gers,1906,231088.0
FRI12,Gironde,1906,823925.0
FRJ13,Hérault,1906,482779.0
FRH03,Ille-et-Vilaine,1906,611902.0
FRB03,Indre,1906,290216.0
FRB04,Indre-et-Loire,1906,337916.0
FRK24,Isère,1906,538309.0
FRC22,Jura,1906,257626.0
FRI13,Landes,1906,293397.0
FRB05,Loir-et-Cher,1906,276019.0
FRK25,Loire,1906,643943.0
FRK13,Haute-Loire,1906,314770.0
FRG01,Loire-Atlantique,1906,667941.0
FRB06,Loiret,1906,364999.0
FRJ25,Lot,1906,216611.0
FRI14,Lot-et-Garonne,1906,274610.0
FRJ14,Lozère,1906,128016.0
FRG02,Maine-et-Loire,1906,513035.0
FRD12,Manche,1906,488455.0
FRF23,Marne,1906,433958.0
FRF24,Haute-Marne,1906,221567.0
FRG03,Mayenne,1906,305457.0
FRF31,Meurthe-et-Moselle,1906,517716.0
FRF32,Meuse,1906,280012.0
FRH04,Morbihan,1906,573152.0
FRF33,Moselle,1906,615426.0
FRC12,Nièvre,1906,313972.0
FRE11,Nord,1906,1896260.0
FRE22,Oise,1906,410050.0
FRD13,Orne,1906,315978.0
FRE12,Pas-de-Calais,1906,1013492.0
FRK14,Puy-de-Dôme,1906,535419.0
FRI15,Pyrénées-Atlantiques,1906,425817.0
FRJ26,Hautes-Pyrénées,1906,209397.0
FRJ15,Pyrénées-Orientales,1906,213171.0
FRF11,Bas-Rhin,1906,686695.0
FRF12,Haut-Rhin,1906,512079.0
FRK26,Rhône,1906,890074.0
FRC23,Haute-Saône,1906,264251.0
FRC13,Saône-et-Loire,1906,613177.0
FRG04,Sarthe,1906,421470.0
FRK27,Savoie,1906,253297.0
FRK28,Haute-Savoie,1906,260617.0
FR101,Paris,1906,2763393.0
FRD22,Seine-Maritime,1906,863879.0
FR102,Seine-et-Marne,1906,361939.0
FR103,Yvelines,1906,277753.0
FRI33,Deux-Sèvres,1906,338728.0
FRE23,Somme,1906,531541.0
FRJ27,Tarn,1906,330533.0
FRJ28,Tarn-et-Garonne,1906,188553.0
FRL05,Var,1906,324639.0
FRL06,Vaucluse,1906,239178.0
FRG05,Vendée,1906,442777.0
FRI34,Vienne,1906,333621.0
FRI23,Haute-Vienne,1906,385732.0
FRF34,Vosges,1906,429812.0
FRC14,Yonne,1906,315199.0
FRC24,Territoire de Belfort,1906,95421.0
FR104,Essonne,1906,169659.0
FR105,Hauts-de-Seine,1906,529496.0
FR106,Seine-Saint-Denis,1906,349545.0
FR107,Val-de-Marne,1906,330308.0
FR108,Val-dOise,1906,178444.0
FRY10,Guadeloupe,1906,
FRY20,Martinique,1906,
FRY30,Guyane,1906,
FRY40,La Réunion,1906,
FRK21,Ain,1911,335271.0
FRE21,Aisne,1911,529783.0
FRK11,Allier,1911,406291.0
FRL01,Alpes-de-Haute-Provence,1911,107231.0
FRL02,Hautes-Alpes,1911,105083.0
FRL03,Alpes-Maritimes,1911,362784.0
FRK22,Ardèche,1911,331801.0
FRF21,Ardennes,1911,318896.0
FRJ21,Ariège,1911,198725.0
FRF22,Aube,1911,240755.0
FRJ11,Aude,1911,300537.0
FRJ22,Aveyron,1911,369448.0
FRL04,Bouches-du-Rhône,1911,805539.0
FRD11,Calvados,1911,395364.0
FRK12,Cantal,1911,223361.0
FRI31,Charente,1911,347061.0
FRI32,Charente-Maritime,1911,450871.0
FRB01,Cher,1911,337810.0
FRI21,Corrèze,1911,309645.0
FRC11,Côte-dOr,1911,350044.0
FRH01,Côtes-dArmor,1911,605523.0
FRI22,Creuse,1911,266226.0
FRI11,Dordogne,1911,437432.0
FRC21,Doubs,1911,300039.0
FRK23,Drôme,1911,290894.0
FRD21,Eure,1911,323651.0
FRB02,Eure-et-Loir,1911,272037.0
FRH02,Finistère,1911,809771.0
FRM01,Corse-du-Sud,1911,
FRM02,Haute-Corse,1911,
FRJ12,Gard,1911,413457.0
FRJ23,Haute-Garonne,1911,432126.0
FRJ24,Gers,1911,221994.0
FRI12,Gironde,1911,829095.0
FRJ13,Hérault,1911,480484.0
FRH03,Ille-et-Vilaine,1911,608098.0
FRB03,Indre,1911,287673.0
FRB04,Indre-et-Loire,1911,341205.0
FRK24,Isère,1911,531672.0
FRC22,Jura,1911,252609.0
FRI13,Landes,1911,288902.0
FRB05,Loir-et-Cher,1911,271231.0
FRK25,Loire,1911,640549.0
FRK13,Haute-Loire,1911,303838.0
FRG01,Loire-Atlantique,1911,671108.0
FRB06,Loiret,1911,364061.0
FRJ25,Lot,1911,205770.0
FRI14,Lot-et-Garonne,1911,268083.0
FRJ14,Lozère,1911,122738.0
FRG02,Maine-et-Loire,1911,507685.0
FRD12,Manche,1911,477088.0
FRF23,Marne,1911,436213.0
FRF24,Haute-Marne,1911,214621.0
FRG03,Mayenne,1911,297732.0
FRF31,Meurthe-et-Moselle,1911,564932.0
FRF32,Meuse,1911,277753.0
FRH04,Morbihan,1911,578400.0
FRF33,Moselle,1911,609201.0
FRC12,Nièvre,1911,299312.0
FRE11,Nord,1911,1962115.0
FRE22,Oise,1911,411028.0
FRD13,Orne,1911,307418.0
FRE12,Pas-de-Calais,1911,1069355.0
FRK14,Puy-de-Dôme,1911,525916.0
FRI15,Pyrénées-Atlantiques,1911,433320.0
FRJ26,Hautes-Pyrénées,1911,206105.0
FRJ15,Pyrénées-Orientales,1911,212986.0
FRF11,Bas-Rhin,1911,700679.0
FRF12,Haut-Rhin,1911,517865.0
FRK26,Rhône,1911,947029.0
FRC23,Haute-Saône,1911,257945.0
FRC13,Saône-et-Loire,1911,604446.0
FRG04,Sarthe,1911,419370.0
FRK27,Savoie,1911,247890.0
FRK28,Haute-Savoie,1911,255137.0
FR101,Paris,1911,2888110.0
FRD22,Seine-Maritime,1911,877383.0
FR102,Seine-et-Marne,1911,363561.0
FR103,Yvelines,1911,297562.0
FRI33,Deux-Sèvres,1911,336903.0
FRE23,Somme,1911,518961.0
FRJ27,Tarn,1911,324090.0
FRJ28,Tarn-et-Garonne,1911,182537.0
FRL05,Var,1911,330755.0
FRL06,Vaucluse,1911,238656.0
FRG05,Vendée,1911,438520.0
FRI34,Vienne,1911,332276.0
FRI23,Haute-Vienne,1911,384736.0
FRF34,Vosges,1911,433914.0
FRC14,Yonne,1911,303889.0
FRC24,Territoire de Belfort,1911,101386.0
FR104,Essonne,1911,177216.0
FR105,Hauts-de-Seine,1911,614862.0
FR106,Seine-Saint-Denis,1911,411443.0
FR107,Val-de-Marne,1911,386073.0
FR108,Val-dOise,1911,196599.0
FRY10,Guadeloupe,1911,
FRY20,Martinique,1911,
FRY30,Guyane,1911,
FRY40,La Réunion,1911,
FRK21,Ain,1921,309610.0
FRE21,Aisne,1921,421022.0
FRK11,Allier,1921,370950.0
FRL01,Alpes-de-Haute-Provence,1921,91882.0
FRL02,Hautes-Alpes,1921,89275.0
FRL03,Alpes-Maritimes,1921,363663.0
FRK22,Ardèche,1921,294308.0
FRF21,Ardennes,1921,277811.0
FRJ21,Ariège,1921,172851.0
FRF22,Aube,1921,227839.0
FRJ11,Aude,1921,287052.0
FRJ22,Aveyron,1921,332940.0
FRL04,Bouches-du-Rhône,1921,841996.0
FRD11,Calvados,1921,383796.0
FRK12,Cantal,1921,199402.0
FRI31,Charente,1921,316279.0
FRI32,Charente-Maritime,1921,418310.0
FRB01,Cher,1921,304800.0
FRI21,Corrèze,1921,273810.0
FRC11,Côte-dOr,1921,321088.0
FRH01,Côtes-dArmor,1921,557824.0
FRI22,Creuse,1921,228244.0
FRI11,Dordogne,1921,396742.0
FRC21,Doubs,1921,285106.0
FRK23,Drôme,1921,263509.0
FRD21,Eure,1921,303159.0
FRB02,Eure-et-Loir,1921,251065.0
FRH02,Finistère,1921,762514.0
FRM01,Corse-du-Sud,1921,
FRM02,Haute-Corse,1921,
FRJ12,Gard,1921,396169.0
FRJ23,Haute-Garonne,1921,424582.0
FRJ24,Gers,1921,194406.0
FRI12,Gironde,1921,819128.0
FRJ13,Hérault,1921,488211.0
FRH03,Ille-et-Vilaine,1921,558574.0
FRB03,Indre,1921,260535.0
FRB04,Indre-et-Loire,1921,327743.0
FRK24,Isère,1921,502031.0
FRC22,Jura,1921,228978.0
FRI13,Landes,1921,263937.0
FRB05,Loir-et-Cher,1921,251528.0
FRK25,Loire,1921,637130.0
FRK13,Haute-Loire,1921,268910.0
FRG01,Loire-Atlantique,1921,650782.0
FRB06,Loiret,1921,337224.0
FRJ25,Lot,1921,176888.0
FRI14,Lot-et-Garonne,1921,239972.0
FRJ14,Lozère,1921,108822.0
FRG02,Maine-et-Loire,1921,474399.0
FRD12,Manche,1921,426461.0
FRF23,Marne,1921,366510.0
FRF24,Haute-Marne,1921,198777.0
FRG03,Mayenne,1921,262447.0
FRF31,Meurthe-et-Moselle,1921,503989.0
FRF32,Meuse,1921,207130.0
FRH04,Morbihan,1921,546047.0
FRF33,Moselle,1921,588834.0
FRC12,Nièvre,1921,270148.0
FRE11,Nord,1921,1788193.0
FRE22,Oise,1921,387760.0
FRD13,Orne,1921,274799.0
FRE12,Pas-de-Calais,1921,990704.0
FRK14,Puy-de-Dôme,1921,490560.0
FRI15,Pyrénées-Atlantiques,1921,402981.0
FRJ26,Hautes-Pyrénées,1921,185760.0
FRJ15,Pyrénées-Orientales,1921,217503.0
FRF11,Bas-Rhin,1921,651686.0
FRF12,Haut-Rhin,1921,468943.0
FRK26,Rhône,1921,986202.0
FRC23,Haute-Saône,1921,228618.0
FRC13,Saône-et-Loire,1921,554816.0
FRG04,Sarthe,1921,389235.0
FRK27,Savoie,1921,225234.0
FRK28,Haute-Savoie,1921,235568.0
FR101,Paris,1921,2906472.0
FRD22,Seine-Maritime,1921,880671.0
FR102,Seine-et-Marne,1921,349234.0
FR103,Yvelines,1921,321240.0
FRI33,Deux-Sèvres,1921,309356.0
FRE23,Somme,1921,451887.0
FRJ27,Tarn,1921,295588.0
FRJ28,Tarn-et-Garonne,1921,159559.0
FRL05,Var,1921,322944.0
FRL06,Vaucluse,1921,219602.0
FRG05,Vendée,1921,397292.0
FRI34,Vienne,1921,306248.0
FRI23,Haute-Vienne,1921,350225.0
FRF34,Vosges,1921,383684.0
FRC14,Yonne,1921,273118.0
FRC24,Territoire de Belfort,1921,94338.0
FR104,Essonne,1921,187193.0
FR105,Hauts-de-Seine,1921,724261.0
FR106,Seine-Saint-Denis,1921,504956.0
FR107,Val-de-Marne,1921,462200.0
FR108,Val-dOise,1921,227220.0
FRY10,Guadeloupe,1921,
FRY20,Martinique,1921,
FRY30,Guyane,1921,
FRY40,La Réunion,1921,
FRK21,Ain,1926,310275.0
FRE21,Aisne,1926,488639.0
FRK11,Allier,1926,370562.0
FRL01,Alpes-de-Haute-Provence,1926,88347.0
FRL02,Hautes-Alpes,1926,87963.0
FRL03,Alpes-Maritimes,1926,440105.0
FRK22,Ardèche,1926,289263.0
FRF21,Ardennes,1926,297448.0
FRJ21,Ariège,1926,167498.0
FRF22,Aube,1926,238253.0
FRJ11,Aude,1926,291951.0
FRJ22,Aveyron,1926,328886.0
FRL04,Bouches-du-Rhône,1926,929550.0
FRD11,Calvados,1926,389510.0
FRK12,Cantal,1926,196999.0
FRI31,Charente,1926,312790.0
FRI32,Charente-Maritime,1926,417789.0
FRB01,Cher,1926,298398.0
FRI21,Corrèze,1926,269289.0
FRC11,Côte-dOr,1926,328881.0
FRH01,Côtes-dArmor,1926,552788.0
FRI22,Creuse,1926,219139.0
FRI11,Dordogne,1926,392489.0
FRC21,Doubs,1926,296678.0
FRK23,Drôme,1926,263750.0
FRD21,Eure,1926,308445.0
FRB02,Eure-et-Loir,1926,254997.0
FRH02,Finistère,1926,753702.0
FRM01,Corse-du-Sud,1926,
FRM02,Haute-Corse,1926,
FRJ12,Gard,1926,402601.0
FRJ23,Haute-Garonne,1926,431505.0
FRJ24,Gers,1926,196419.0
FRI12,Gironde,1926,827973.0
FRJ13,Hérault,1926,500575.0
FRH03,Ille-et-Vilaine,1926,561688.0
FRB03,Indre,1926,255095.0
FRB04,Indre-et-Loire,1926,334486.0
FRK24,Isère,1926,529817.0
FRC22,Jura,1926,230598.0
FRI13,Landes,1926,263111.0
FRB05,Loir-et-Cher,1926,248099.0
FRK25,Loire,1926,669216.0
FRK13,Haute-Loire,1926,260610.0
FRG01,Loire-Atlantique,1926,652459.0
FRB06,Loiret,1926,341225.0
FRJ25,Lot,1926,171776.0
FRI14,Lot-et-Garonne,1926,246609.0
FRJ14,Lozère,1926,104733.0
FRG02,Maine-et-Loire,1926,477489.0
FRD12,Manche,1926,432364.0
FRF23,Marne,1926,397680.0
FRF24,Haute-Marne,1926,195273.0
FRG03,Mayenne,1926,259934.0
FRF31,Meurthe-et-Moselle,1926,552261.0
FRF32,Meuse,1926,217957.0
FRH04,Morbihan,1926,543175.0
FRF33,Moselle,1926,633461.0
FRC12,Nièvre,1926,260502.0
FRE11,Nord,1926,1969435.0
FRE22,Oise,1926,405971.0
FRD13,Orne,1926,277622.0
FRE12,Pas-de-Calais,1926,1172723.0
FRK14,Puy-de-Dôme,1926,515399.0
FRI15,Pyrénées-Atlantiques,1926,414556.0
FRJ26,Hautes-Pyrénées,1926,187875.0
FRJ15,Pyrénées-Orientales,1926,229979.0
FRF11,Bas-Rhin,1926,670985.0
FRF12,Haut-Rhin,1926,490654.0
FRK26,Rhône,1926,1029098.0
FRC23,Haute-Saône,1926,226567.0
FRC13,Saône-et-Loire,1926,549240.0
FRG04,Sarthe,1926,387482.0
FRK27,Savoie,1926,231210.0
FRK28,Haute-Savoie,1926,245317.0
FR101,Paris,1926,2871429.0
FRD22,Seine-Maritime,1926,885299.0
FR102,Seine-et-Marne,1926,380017.0
FR103,Yvelines,1926,367267.0
FRI33,Deux-Sèvres,1926,309100.0
FRE23,Somme,1926,473105.0
FRJ27,Tarn,1926,301717.0
FRJ28,Tarn-et-Garonne,1926,164191.0
FRL05,Var,1926,347932.0
FRL06,Vaucluse,1926,230549.0
FRG05,Vendée,1926,395602.0
FRI34,Vienne,1926,310474.0
FRI23,Haute-Vienne,1926,351311.0
FRF34,Vosges,1926,382100.0
FRC14,Yonne,1926,277230.0
FRC24,Territoire de Belfort,1926,96593.0
FR104,Essonne,1926,228021.0
FR105,Hauts-de-Seine,1926,820716.0
FR106,Seine-Saint-Denis,1926,635806.0
FR107,Val-de-Marne,1926,559870.0
FR108,Val-dOise,1926,283256.0
FRY10,Guadeloupe,1926,
FRY20,Martinique,1926,
FRY30,Guyane,1926,
FRY40,La Réunion,1926,
FRK21,Ain,1931,313656.0
FRE21,Aisne,1931,488985.0
FRK11,Allier,1931,373924.0
FRL01,Alpes-de-Haute-Provence,1931,87893.0
FRL02,Hautes-Alpes,1931,87566.0
FRL03,Alpes-Maritimes,1931,497175.0
FRK22,Ardèche,1931,282911.0
FRF21,Ardennes,1931,293746.0
FRJ21,Ariège,1931,161265.0
FRF22,Aube,1931,242596.0
FRJ11,Aude,1931,296880.0
FRJ22,Aveyron,1931,323782.0
FRL04,Bouches-du-Rhône,1931,1101672.0
FRD11,Calvados,1931,400370.0
FRK12,Cantal,1931,193505.0
FRI31,Charente,1931,310489.0
FRI32,Charente-Maritime,1931,415249.0
FRB01,Cher,1931,293918.0
FRI21,Corrèze,1931,264129.0
FRC11,Côte-dOr,1931,333800.0
FRH01,Côtes-dArmor,1931,539531.0
FRI22,Creuse,1931,207882.0
FRI11,Dordogne,1931,383720.0
FRC21,Doubs,1931,305591.0
FRK23,Drôme,1931,267080.0
FRD21,Eure,1931,305788.0
FRB02,Eure-et-Loir,1931,254603.0
FRH02,Finistère,1931,744295.0
FRM01,Corse-du-Sud,1931,
FRM02,Haute-Corse,1931,
FRJ12,Gard,1931,406815.0
FRJ23,Haute-Garonne,1931,441799.0
FRJ24,Gers,1931,193134.0
FRI12,Gironde,1931,852776.0
FRJ13,Hérault,1931,514819.0
FRH03,Ille-et-Vilaine,1931,562558.0
FRB03,Indre,1931,247912.0
FRB04,Indre-et-Loire,1931,335226.0
FRK24,Isère,1931,549739.0
FRC22,Jura,1931,229018.0
FRI13,Landes,1931,257186.0
FRB05,Loir-et-Cher,1931,241592.0
FRK25,Loire,1931,664822.0
FRK13,Haute-Loire,1931,251608.0
FRG01,Loire-Atlantique,1931,652975.0
FRB06,Loiret,1931,342679.0
FRJ25,Lot,1931,166637.0
FRI14,Lot-et-Garonne,1931,247500.0
FRJ14,Lozère,1931,101859.0
FRG02,Maine-et-Loire,1931,475799.0
FRD12,Manche,1931,434474.0
FRF23,Marne,1931,412094.0
FRF24,Haute-Marne,1931,189726.0
FRG03,Mayenne,1931,254479.0
FRF31,Meurthe-et-Moselle,1931,592803.0
FRF32,Meuse,1931,215648.0
FRH04,Morbihan,1931,537528.0
FRF33,Moselle,1931,693408.0
FRC12,Nièvre,1931,255195.0
FRE11,Nord,1931,2029736.0
FRE22,Oise,1931,407432.0
FRD13,Orne,1931,273702.0
FRE12,Pas-de-Calais,1931,1205975.0
FRK14,Puy-de-Dôme,1931,500590.0
FRI15,Pyrénées-Atlantiques,1931,422719.0
FRJ26,Hautes-Pyrénées,1931,189993.0
FRJ15,Pyrénées-Orientales,1931,238647.0
FRF11,Bas-Rhin,1931,688242.0
FRF12,Haut-Rhin,1931,516726.0
FRK26,Rhône,1931,1089568.0
FRC23,Haute-Saône,1931,219480.0
FRC13,Saône-et-Loire,1931,538741.0
FRG04,Sarthe,1931,384619.0
FRK27,Savoie,1931,235544.0
FRK28,Haute-Savoie,1931,252794.0
FR101,Paris,1931,2891020.0
FRD22,Seine-Maritime,1931,905278.0
FR102,Seine-et-Marne,1931,406108.0
FR103,Yvelines,1931,408282.0
FRI33,Deux-Sèvres,1931,307778.0
FRE23,Somme,1931,465842.0
FRJ27,Tarn,1931,302994.0
FRJ28,Tarn-et-Garonne,1931,164259.0
FRL05,Var,1931,377104.0
FRL06,Vaucluse,1931,241689.0
FRG05,Vendée,1931,390396.0
FRI34,Vienne,1931,303072.0
FRI23,Haute-Vienne,1931,335873.0
FRF34,Vosges,1931,377980.0
FRC14,Yonne,1931,275755.0
FRC24,Territoire de Belfort,1931,99403.0
FR104,Essonne,1931,271102.0
FR105,Hauts-de-Seine,1931,949231.0
FR106,Seine-Saint-Denis,1931,769315.0
FR107,Val-de-Marne,1931,657322.0
FR108,Val-dOise,1931,353374.0
FRY10,Guadeloupe,1931,
FRY20,Martinique,1931,
FRY30,Guyane,1931,
FRY40,La Réunion,1931,
FRK21,Ain,1936,306718.0
FRE21,Aisne,1936,484209.0
FRK11,Allier,1936,368778.0
FRL01,Alpes-de-Haute-Provence,1936,85090.0
FRL02,Hautes-Alpes,1936,88202.0
FRL03,Alpes-Maritimes,1936,518083.0
FRK22,Ardèche,1936,272698.0
FRF21,Ardennes,1936,288632.0
FRJ21,Ariège,1936,155134.0
FRF22,Aube,1936,239563.0
FRJ11,Aude,1936,285115.0
FRJ22,Aveyron,1936,314682.0
FRL04,Bouches-du-Rhône,1936,1224802.0
FRD11,Calvados,1936,403937.0
FRK12,Cantal,1936,190888.0
FRI31,Charente,1936,309279.0
FRI32,Charente-Maritime,1936,419021.0
FRB01,Cher,1936,288695.0
FRI21,Corrèze,1936,262743.0
FRC11,Côte-dOr,1936,334386.0
FRH01,Côtes-dArmor,1936,531840.0
FRI22,Creuse,1936,201844.0
FRI11,Dordogne,1936,386963.0
FRC21,Doubs,1936,304892.0
FRK23,Drôme,1936,267281.0
FRD21,Eure,1936,303829.0
FRB02,Eure-et-Loir,1936,252527.0
FRH02,Finistère,1936,756793.0
FRM01,Corse-du-Sud,1936,99577.0
FRM02,Haute-Corse,1936,122413.0
FRJ12,Gard,1936,395299.0
FRJ23,Haute-Garonne,1936,458647.0
FRJ24,Gers,1936,192451.0
FRI12,Gironde,1936,850567.0
FRJ13,Hérault,1936,502043.0
FRH03,Ille-et-Vilaine,1936,565766.0
FRB03,Indre,1936,245622.0
FRB04,Indre-et-Loire,1936,343445.0
FRK24,Isère,1936,540895.0
FRC22,Jura,1936,220704.0
FRI13,Landes,1936,251438.0
FRB05,Loir-et-Cher,1936,240913.0
FRK25,Loire,1936,649616.0
FRK13,Haute-Loire,1936,245271.0
FRG01,Loire-Atlantique,1936,660272.0
FRB06,Loiret,1936,343865.0
FRJ25,Lot,1936,162572.0
FRI14,Lot-et-Garonne,1936,252761.0
FRJ14,Lozère,1936,98480.0
FRG02,Maine-et-Loire,1936,477561.0
FRD12,Manche,1936,439535.0
FRF23,Marne,1936,410214.0
FRF24,Haute-Marne,1936,188471.0
FRG03,Mayenne,1936,251348.0
FRF31,Meurthe-et-Moselle,1936,576219.0
FRF32,Meuse,1936,216737.0
FRH04,Morbihan,1936,542248.0
FRF33,Moselle,1936,696246.0
FRC12,Nièvre,1936,249673.0
FRE11,Nord,1936,2022998.0
FRE22,Oise,1936,402569.0
FRD13,Orne,1936,269316.0
FRE12,Pas-de-Calais,1936,1179634.0
FRK14,Puy-de-Dôme,1936,486130.0
FRI15,Pyrénées-Atlantiques,1936,413409.0
FRJ26,Hautes-Pyrénées,1936,188604.0
FRJ15,Pyrénées-Orientales,1936,233347.0
FRF11,Bas-Rhin,1936,711830.0
FRF12,Haut-Rhin,1936,507551.0
FRK26,Rhône,1936,1070218.0
FRC23,Haute-Saône,1936,213077.0
FRC13,Saône-et-Loire,1936,525676.0
FRG04,Sarthe,1936,388519.0
FRK27,Savoie,1936,239115.0
FRK28,Haute-Savoie,1936,259961.0
FR101,Paris,1936,2829753.0
FRD22,Seine-Maritime,1936,915611.0
FR102,Seine-et-Marne,1936,409311.0
FR103,Yvelines,1936,428166.0
FRI33,Deux-Sèvres,1936,308126.0
FRE23,Somme,1936,467092.0
FRJ27,Tarn,1936,297871.0
FRJ28,Tarn-et-Garonne,1936,164629.0
FRL05,Var,1936,398662.0
FRL06,Vaucluse,1936,245508.0
FRG05,Vendée,1936,392021.0
FRI34,Vienne,1936,306820.0
FRI23,Haute-Vienne,1936,333589.0
FRF34,Vosges,1936,376926.0
FRC14,Yonne,1936,271685.0
FRC24,Territoire de Belfort,1936,99497.0
FR104,Essonne,1936,286987.0
FR105,Hauts-de-Seine,1936,1019627.0
FR106,Seine-Saint-Denis,1936,776378.0
FR107,Val-de-Marne,1936,685204.0
FR108,Val-dOise,1936,350487.0
FRY10,Guadeloupe,1936,223675.0
FRY20,Martinique,1936,239130.0
FRY30,Guyane,1936,
FRY40,La Réunion,1936,
FRK21,Ain,1954,300998.0
FRE21,Aisne,1954,486680.0
FRK11,Allier,1954,372689.0
FRL01,Alpes-de-Haute-Provence,1954,84335.0
FRL02,Hautes-Alpes,1954,85067.0
FRL03,Alpes-Maritimes,1954,515484.0
FRK22,Ardèche,1954,249077.0
FRF21,Ardennes,1954,280490.0
FRJ21,Ariège,1954,140010.0
FRF22,Aube,1954,240797.0
FRJ11,Aude,1954,268254.0
FRJ22,Aveyron,1954,292727.0
FRL04,Bouches-du-Rhône,1954,1048762.0
FRD11,Calvados,1954,442107.0
FRK12,Cantal,1954,177065.0
FRI31,Charente,1954,313635.0
FRI32,Charente-Maritime,1954,447973.0
FRB01,Cher,1954,284376.0
FRI21,Corrèze,1954,242798.0
FRC11,Côte-dOr,1954,356839.0
FRH01,Côtes-dArmor,1954,503178.0
FRI22,Creuse,1954,172702.0
FRI11,Dordogne,1954,377870.0
FRC21,Doubs,1954,327268.0
FRK23,Drôme,1954,275280.0
FRD21,Eure,1954,332514.0
FRB02,Eure-et-Loir,1954,260870.0
FRH02,Finistère,1954,727847.0
FRM01,Corse-du-Sud,1954,75212.0
FRM02,Haute-Corse,1954,100606.0
FRJ12,Gard,1954,396742.0
FRJ23,Haute-Garonne,1954,525669.0
FRJ24,Gers,1954,185111.0
FRI12,Gironde,1954,896517.0
FRJ13,Hérault,1954,471429.0
FRH03,Ille-et-Vilaine,1954,586812.0
FRB03,Indre,1954,247436.0
FRB04,Indre-et-Loire,1954,364701.0
FRK24,Isère,1954,587975.0
FRC22,Jura,1954,220109.0
FRI13,Landes,1954,248945.0
FRB05,Loir-et-Cher,1954,239829.0
FRK25,Loire,1954,653829.0
FRK13,Haute-Loire,1954,215577.0
FRG01,Loire-Atlantique,1954,734468.0
FRB06,Loiret,1954,360523.0
FRJ25,Lot,1954,147754.0
FRI14,Lot-et-Garonne,1954,265549.0
FRJ14,Lozère,1954,82391.0
FRG02,Maine-et-Loire,1954,518153.0
FRD12,Manche,1954,447758.0
FRF23,Marne,1954,415027.0
FRF24,Haute-Marne,1954,197163.0
FRG03,Mayenne,1954,251522.0
FRF31,Meurthe-et-Moselle,1954,607192.0
FRF32,Meuse,1954,206938.0
FRH04,Morbihan,1954,520966.0
FRF33,Moselle,1954,769388.0
FRC12,Nièvre,1954,240078.0
FRE11,Nord,1954,2099430.0
FRE22,Oise,1954,435308.0
FRD13,Orne,1954,274848.0
FRE12,Pas-de-Calais,1954,1276842.0
FRK14,Puy-de-Dôme,1954,481380.0
FRI15,Pyrénées-Atlantiques,1954,420017.0
FRJ26,Hautes-Pyrénées,1954,203544.0
FRJ15,Pyrénées-Orientales,1954,230285.0
FRF11,Bas-Rhin,1954,707934.0
FRF12,Haut-Rhin,1954,509647.0
FRK26,Rhône,1954,1015866.0
FRC23,Haute-Saône,1954,209541.0
FRC13,Saône-et-Loire,1954,511182.0
FRG04,Sarthe,1954,420393.0
FRK27,Savoie,1954,252192.0
FRK28,Haute-Savoie,1954,293852.0
FR101,Paris,1954,2850189.0
FRD22,Seine-Maritime,1954,941684.0
FR102,Seine-et-Marne,1954,453438.0
FR103,Yvelines,1954,519176.0
FRI33,Deux-Sèvres,1954,312037.0
FRE23,Somme,1954,463519.0
FRJ27,Tarn,1954,308197.0
FRJ28,Tarn-et-Garonne,1954,172379.0
FRL05,Var,1954,413012.0
FRL06,Vaucluse,1954,268318.0
FRG05,Vendée,1954,395641.0
FRI34,Vienne,1954,319208.0
FRI23,Haute-Vienne,1954,324429.0
FRF34,Vosges,1954,372523.0
FRC14,Yonne,1954,266410.0
FRC24,Territoire de Belfort,1954,99427.0
FR104,Essonne,1954,351081.0
FR105,Hauts-de-Seine,1954,1118020.0
FR106,Seine-Saint-Denis,1954,845231.0
FR107,Val-de-Marne,1954,767435.0
FR108,Val-dOise,1954,412658.0
FRY10,Guadeloupe,1954,276545.0
FRY20,Martinique,1954,292062.0
FRY30,Guyane,1954,33505.0
FRY40,La Réunion,1954,349282.0
FRK21,Ain,1962,314457.0
FRE21,Aisne,1962,512532.0
FRK11,Allier,1962,380221.0
FRL01,Alpes-de-Haute-Provence,1962,91843.0
FRL02,Hautes-Alpes,1962,87436.0
FRL03,Alpes-Maritimes,1962,618265.0
FRK22,Ardèche,1962,248516.0
FRF21,Ardennes,1962,300247.0
FRJ21,Ariège,1962,137192.0
FRF22,Aube,1962,255099.0
FRJ11,Aude,1962,269782.0
FRJ22,Aveyron,1962,290489.0
FRL04,Bouches-du-Rhône,1962,1248355.0
FRD11,Calvados,1962,479979.0
FRK12,Cantal,1962,172977.0
FRI31,Charente,1962,327658.0
FRI32,Charente-Maritime,1962,470897.0
FRB01,Cher,1962,293514.0
FRI21,Corrèze,1962,237926.0
FRC11,Côte-dOr,1962,387869.0
FRH01,Côtes-dArmor,1962,501923.0
FRI22,Creuse,1962,163515.0
FRI11,Dordogne,1962,375455.0
FRC21,Doubs,1962,384968.0
FRK23,Drôme,1962,304227.0
FRD21,Eure,1962,361943.0
FRB02,Eure-et-Loir,1962,277394.0
FRH02,Finistère,1962,749558.0
FRM01,Corse-du-Sud,1962,79756.0
FRM02,Haute-Corse,1962,101106.0
FRJ12,Gard,1962,435107.0
FRJ23,Haute-Garonne,1962,594633.0
FRJ24,Gers,1962,182264.0
FRI12,Gironde,1962,935448.0
FRJ13,Hérault,1962,516658.0
FRH03,Ille-et-Vilaine,1962,614268.0
FRB03,Indre,1962,251432.0
FRB04,Indre-et-Loire,1962,395206.0
FRK24,Isère,1962,677330.0
FRC22,Jura,1962,225584.0
FRI13,Landes,1962,260497.0
FRB05,Loir-et-Cher,1962,250745.0
FRK25,Loire,1962,696348.0
FRK13,Haute-Loire,1962,211036.0
FRG01,Loire-Atlantique,1962,804268.0
FRB06,Loiret,1962,389854.0
FRJ25,Lot,1962,149929.0
FRI14,Lot-et-Garonne,1962,275028.0
FRJ14,Lozère,1962,81868.0
FRG02,Maine-et-Loire,1962,556173.0
FRD12,Manche,1962,447679.0
FRF23,Marne,1962,442108.0
FRF24,Haute-Marne,1962,208447.0
FRG03,Mayenne,1962,250030.0
FRF31,Meurthe-et-Moselle,1962,678247.0
FRF32,Meuse,1962,215816.0
FRH04,Morbihan,1962,530833.0
FRF33,Moselle,1962,919412.0
FRC12,Nièvre,1962,245921.0
FRE11,Nord,1962,2294066.0
FRE22,Oise,1962,481289.0
FRD13,Orne,1962,280526.0
FRE12,Pas-de-Calais,1962,1366248.0
FRK14,Puy-de-Dôme,1962,508928.0
FRI15,Pyrénées-Atlantiques,1962,466036.0
FRJ26,Hautes-Pyrénées,1962,211433.0
FRJ15,Pyrénées-Orientales,1962,251231.0
FRF11,Bas-Rhin,1962,770150.0
FRF12,Haut-Rhin,1962,547920.0
FRK26,Rhône,1962,1181812.0
FRC23,Haute-Saône,1962,208650.0
FRC13,Saône-et-Loire,1962,535772.0
FRG04,Sarthe,1962,443019.0
FRK27,Savoie,1962,266678.0
FRK28,Haute-Savoie,1962,329230.0
FR101,Paris,1962,2790091.0
FRD22,Seine-Maritime,1962,1035843.0
FR102,Seine-et-Marne,1962,524486.0
FR103,Yvelines,1962,687827.0
FRI33,Deux-Sèvres,1962,320321.0
FRE23,Somme,1962,487524.0
FRJ27,Tarn,1962,319560.0
FRJ28,Tarn-et-Garonne,1962,175847.0
FRL05,Var,1962,469557.0
FRL06,Vaucluse,1962,303536.0
FRG05,Vendée,1962,408928.0
FRI34,Vienne,1962,331619.0
FRI23,Haute-Vienne,1962,332514.0
FRF34,Vosges,1962,380676.0
FRC14,Yonne,1962,269826.0
FRC24,Territoire de Belfort,1962,109371.0
FR104,Essonne,1962,478691.0
FR105,Hauts-de-Seine,1962,1381805.0
FR106,Seine-Saint-Denis,1962,1083724.0
FR107,Val-de-Marne,1962,974962.0
FR108,Val-dOise,1962,548429.0
FRY10,Guadeloupe,1962,305312.0
FRY20,Martinique,1962,320030.0
FRY30,Guyane,1962,44392.0
FRY40,La Réunion,1962,416525.0
FRK21,Ain,1968,339262.0
FRE21,Aisne,1968,525953.0
FRK11,Allier,1968,386533.0
FRL01,Alpes-de-Haute-Provence,1968,104813.0
FRL02,Hautes-Alpes,1968,91790.0
FRL03,Alpes-Maritimes,1968,722070.0
FRK22,Ardèche,1968,256927.0
FRF21,Ardennes,1968,309380.0
FRJ21,Ariège,1968,138478.0
FRF22,Aube,1968,270325.0
FRJ11,Aude,1968,278323.0
FRJ22,Aveyron,1968,281568.0
FRL04,Bouches-du-Rhône,1968,1470271.0
FRD11,Calvados,1968,518950.0
FRK12,Cantal,1968,169330.0
FRI31,Charente,1968,331016.0
FRI32,Charente-Maritime,1968,483622.0
FRB01,Cher,1968,304601.0
FRI21,Corrèze,1968,237858.0
FRC11,Côte-dOr,1968,421192.0
FRH01,Côtes-dArmor,1968,506102.0
FRI22,Creuse,1968,156876.0
FRI11,Dordogne,1968,374073.0
FRC21,Doubs,1968,426458.0
FRK23,Drôme,1968,342891.0
FRD21,Eure,1968,383385.0
FRB02,Eure-et-Loir,1968,302064.0
FRH02,Finistère,1968,768929.0
FRM01,Corse-du-Sud,1968,89566.0
FRM02,Haute-Corse,1968,115702.0
FRJ12,Gard,1968,478544.0
FRJ23,Haute-Garonne,1968,690712.0
FRJ24,Gers,1968,181577.0
FRI12,Gironde,1968,1009390.0
FRJ13,Hérault,1968,591397.0
FRH03,Ille-et-Vilaine,1968,652722.0
FRB03,Indre,1968,247178.0
FRB04,Indre-et-Loire,1968,437866.0
FRK24,Isère,1968,767678.0
FRC22,Jura,1968,233441.0
FRI13,Landes,1968,277381.0
FRB05,Loir-et-Cher,1968,267900.0
FRK25,Loire,1968,722443.0
FRK13,Haute-Loire,1968,208337.0
FRG01,Loire-Atlantique,1968,862082.0
FRB06,Loiret,1968,430629.0
FRJ25,Lot,1968,151198.0
FRI14,Lot-et-Garonne,1968,290592.0
FRJ14,Lozère,1968,77258.0
FRG02,Maine-et-Loire,1968,584933.0
FRD12,Manche,1968,452705.0
FRF23,Marne,1968,485302.0
FRF24,Haute-Marne,1968,214340.0
FRG03,Mayenne,1968,252762.0
FRF31,Meurthe-et-Moselle,1968,705554.0
FRF32,Meuse,1968,209372.0
FRH04,Morbihan,1968,540474.0
FRF33,Moselle,1968,971314.0
FRC12,Nièvre,1968,247702.0
FRE11,Nord,1968,2418847.0
FRE22,Oise,1968,540988.0
FRD13,Orne,1968,288503.0
FRE12,Pas-de-Calais,1968,1397099.0
FRK14,Puy-de-Dôme,1968,547743.0
FRI15,Pyrénées-Atlantiques,1968,508734.0
FRJ26,Hautes-Pyrénées,1968,225730.0
FRJ15,Pyrénées-Orientales,1968,281976.0
FRF11,Bas-Rhin,1968,827367.0
FRF12,Haut-Rhin,1968,585018.0
FRK26,Rhône,1968,1326383.0
FRC23,Haute-Saône,1968,214396.0
FRC13,Saône-et-Loire,1968,550364.0
FRG04,Sarthe,1968,461839.0
FRK27,Savoie,1968,288921.0
FRK28,Haute-Savoie,1968,378550.0
FR101,Paris,1968,2590771.0
FRD22,Seine-Maritime,1968,1113977.0
FR102,Seine-et-Marne,1968,604340.0
FR103,Yvelines,1968,854382.0
FRI33,Deux-Sèvres,1968,325608.0
FRE23,Somme,1968,511491.0
FRJ27,Tarn,1968,332011.0
FRJ28,Tarn-et-Garonne,1968,183572.0
FRL05,Var,1968,555926.0
FRL06,Vaucluse,1968,353966.0
FRG05,Vendée,1968,421250.0
FRI34,Vienne,1968,340256.0
FRI23,Haute-Vienne,1968,341589.0
FRF34,Vosges,1968,388201.0
FRC14,Yonne,1968,283376.0
FRC24,Territoire de Belfort,1968,118450.0
FR104,Essonne,1968,673325.0
FR105,Hauts-de-Seine,1968,1461619.0
FR106,Seine-Saint-Denis,1968,1249606.0
FR107,Val-de-Marne,1968,1121319.0
FR108,Val-dOise,1968,693269.0
FRY10,Guadeloupe,1968,315848.0
FRY20,Martinique,1968,324832.0
FRY30,Guyane,1968,55125.0
FRY40,La Réunion,1968,476675.0
FRK21,Ain,1975,376477.0
FRE21,Aisne,1975,533807.0
FRK11,Allier,1975,378406.0
FRL01,Alpes-de-Haute-Provence,1975,112178.0
FRL02,Hautes-Alpes,1975,97358.0
FRL03,Alpes-Maritimes,1975,816681.0
FRK22,Ardèche,1975,257065.0
FRF21,Ardennes,1975,309306.0
FRJ21,Ariège,1975,137857.0
FRF22,Aube,1975,284823.0
FRJ11,Aude,1975,272366.0
FRJ22,Aveyron,1975,278306.0
FRL04,Bouches-du-Rhône,1975,1632974.0
FRD11,Calvados,1975,560354.0
FRK12,Cantal,1975,166549.0
FRI31,Charente,1975,337064.0
FRI32,Charente-Maritime,1975,497859.0
FRB01,Cher,1975,316350.0
FRI21,Corrèze,1975,240363.0
FRC11,Côte-dOr,1975,456070.0
FRH01,Côtes-dArmor,1975,525556.0
FRI22,Creuse,1975,146214.0
FRI11,Dordogne,1975,373179.0
FRC21,Doubs,1975,471082.0
FRK23,Drôme,1975,361847.0
FRD21,Eure,1975,422952.0
FRB02,Eure-et-Loir,1975,335151.0
FRH02,Finistère,1975,804088.0
FRM01,Corse-du-Sud,1975,100278.0
FRM02,Haute-Corse,1975,125284.0
FRJ12,Gard,1975,494575.0
FRJ23,Haute-Garonne,1975,777431.0
FRJ24,Gers,1975,175366.0
FRI12,Gironde,1975,1061480.0
FRJ13,Hérault,1975,648202.0
FRH03,Ille-et-Vilaine,1975,702199.0
FRB03,Indre,1975,248523.0
FRB04,Indre-et-Loire,1975,478597.0
FRK24,Isère,1975,860339.0
FRC22,Jura,1975,238856.0
FRI13,Landes,1975,288323.0
FRB05,Loir-et-Cher,1975,283690.0
FRK25,Loire,1975,742396.0
FRK13,Haute-Loire,1975,205491.0
FRG01,Loire-Atlantique,1975,934882.0
FRB06,Loiret,1975,490189.0
FRJ25,Lot,1975,150778.0
FRI14,Lot-et-Garonne,1975,292616.0
FRJ14,Lozère,1975,74825.0
FRG02,Maine-et-Loire,1975,629466.0
FRD12,Manche,1975,452275.0
FRF23,Marne,1975,530454.0
FRF24,Haute-Marne,1975,212304.0
FRG03,Mayenne,1975,261789.0
FRF31,Meurthe-et-Moselle,1975,722693.0
FRF32,Meuse,1975,203799.0
FRH04,Morbihan,1975,563588.0
FRF33,Moselle,1975,1006373.0
FRC12,Nièvre,1975,245212.0
FRE11,Nord,1975,2511478.0
FRE22,Oise,1975,606320.0
FRD13,Orne,1975,293523.0
FRE12,Pas-de-Calais,1975,1402295.0
FRK14,Puy-de-Dôme,1975,580033.0
FRI15,Pyrénées-Atlantiques,1975,534748.0
FRJ26,Hautes-Pyrénées,1975,227222.0
FRJ15,Pyrénées-Orientales,1975,299506.0
FRF11,Bas-Rhin,1975,882121.0
FRF12,Haut-Rhin,1975,635209.0
FRK26,Rhône,1975,1429647.0
FRC23,Haute-Saône,1975,222254.0
FRC13,Saône-et-Loire,1975,569810.0
FRG04,Sarthe,1975,490385.0
FRK27,Savoie,1975,305118.0
FRK28,Haute-Savoie,1975,447795.0
FR101,Paris,1975,2299830.0
FRD22,Seine-Maritime,1975,1172743.0
FR102,Seine-et-Marne,1975,755762.0
FR103,Yvelines,1975,1082255.0
FRI33,Deux-Sèvres,1975,335829.0
FRE23,Somme,1975,538462.0
FRJ27,Tarn,1975,338024.0
FRJ28,Tarn-et-Garonne,1975,183314.0
FRL05,Var,1975,626093.0
FRL06,Vaucluse,1975,390446.0
FRG05,Vendée,1975,450641.0
FRI34,Vienne,1975,357366.0
FRI23,Haute-Vienne,1975,352149.0
FRF34,Vosges,1975,397957.0
FRC14,Yonne,1975,299851.0
FRC24,Territoire de Belfort,1975,128125.0
FR104,Essonne,1975,923063.0
FR105,Hauts-de-Seine,1975,1438930.0
FR106,Seine-Saint-Denis,1975,1322127.0
FR107,Val-de-Marne,1975,1215713.0
FR108,Val-dOise,1975,840885.0
FRY10,Guadeloupe,1975,317269.0
FRY20,Martinique,1975,328566.0
FRY30,Guyane,1975,73022.0
FRY40,La Réunion,1975,515814.0
FRK21,Ain,1982,418516.0
FRE21,Aisne,1982,533927.0
FRK11,Allier,1982,369580.0
FRL01,Alpes-de-Haute-Provence,1982,119068.0
FRL02,Hautes-Alpes,1982,105070.0
FRL03,Alpes-Maritimes,1982,881198.0
FRK22,Ardèche,1982,267970.0
FRF21,Ardennes,1982,302338.0
FRJ21,Ariège,1982,135725.0
FRF22,Aube,1982,289300.0
FRJ11,Aude,1982,280686.0
FRJ22,Aveyron,1982,278654.0
FRL04,Bouches-du-Rhône,1982,1724199.0
FRD11,Calvados,1982,589025.0
FRK12,Cantal,1982,162838.0
FRI31,Charente,1982,340770.0
FRI32,Charente-Maritime,1982,513220.0
FRB01,Cher,1982,320174.0
FRI21,Corrèze,1982,241448.0
FRC11,Côte-dOr,1982,473548.0
FRH01,Côtes-dArmor,1982,538869.0
FRI22,Creuse,1982,139968.0
FRI11,Dordogne,1982,377356.0
FRC21,Doubs,1982,477163.0
FRK23,Drôme,1982,389781.0
FRD21,Eure,1982,462254.0
FRB02,Eure-et-Loir,1982,362813.0
FRH02,Finistère,1982,828364.0
FRM01,Corse-du-Sud,1982,108604.0
FRM02,Haute-Corse,1982,131574.0
FRJ12,Gard,1982,530478.0
FRJ23,Haute-Garonne,1982,824501.0
FRJ24,Gers,1982,174154.0
FRI12,Gironde,1982,1127546.0
FRJ13,Hérault,1982,706499.0
FRH03,Ille-et-Vilaine,1982,749764.0
FRB03,Indre,1982,243191.0
FRB04,Indre-et-Loire,1982,506093.0
FRK24,Isère,1982,936771.0
FRC22,Jura,1982,242925.0
FRI13,Landes,1982,297424.0
FRB05,Loir-et-Cher,1982,296224.0
FRK25,Loire,1982,739521.0
FRK13,Haute-Loire,1982,205895.0
FRG01,Loire-Atlantique,1982,995822.0
FRB06,Loiret,1982,535669.0
FRJ25,Lot,1982,154533.0
FRI14,Lot-et-Garonne,1982,298522.0
FRJ14,Lozère,1982,74294.0
FRG02,Maine-et-Loire,1982,674997.0
FRD12,Manche,1982,466482.0
FRF23,Marne,1982,543670.0
FRF24,Haute-Marne,1982,210670.0
FRG03,Mayenne,1982,271784.0
FRF31,Meurthe-et-Moselle,1982,716964.0
FRF32,Meuse,1982,199983.0
FRH04,Morbihan,1982,590889.0
FRF33,Moselle,1982,1007189.0
FRC12,Nièvre,1982,239635.0
FRE11,Nord,1982,2520526.0
FRE22,Oise,1982,661781.0
FRD13,Orne,1982,295472.0
FRE12,Pas-de-Calais,1982,1412413.0
FRK14,Puy-de-Dôme,1982,594365.0
FRI15,Pyrénées-Atlantiques,1982,555696.0
FRJ26,Hautes-Pyrénées,1982,227922.0
FRJ15,Pyrénées-Orientales,1982,334557.0
FRF11,Bas-Rhin,1982,915676.0
FRF12,Haut-Rhin,1982,650372.0
FRK26,Rhône,1982,1445208.0
FRC23,Haute-Saône,1982,231962.0
FRC13,Saône-et-Loire,1982,571852.0
FRG04,Sarthe,1982,504768.0
FRK27,Savoie,1982,323675.0
FRK28,Haute-Savoie,1982,494505.0
FR101,Paris,1982,2176243.0
FRD22,Seine-Maritime,1982,1193108.0
FR102,Seine-et-Marne,1982,887112.0
FR103,Yvelines,1982,1196111.0
FRI33,Deux-Sèvres,1982,342812.0
FRE23,Somme,1982,544570.0
FRJ27,Tarn,1982,339345.0
FRJ28,Tarn-et-Garonne,1982,190485.0
FRL05,Var,1982,708331.0
FRL06,Vaucluse,1982,427343.0
FRG05,Vendée,1982,483027.0
FRI34,Vienne,1982,371428.0
FRI23,Haute-Vienne,1982,355737.0
FRF34,Vosges,1982,395769.0
FRC14,Yonne,1982,311019.0
FRC24,Territoire de Belfort,1982,131999.0
FR104,Essonne,1982,988000.0
FR105,Hauts-de-Seine,1982,1387039.0
FR106,Seine-Saint-Denis,1982,1324301.0
FR107,Val-de-Marne,1982,1193655.0
FR108,Val-dOise,1982,920598.0
FRY10,Guadeloupe,1982,353431.0
FRY20,Martinique,1982,359572.0
FRY30,Guyane,1982,114678.0
FRY40,La Réunion,1982,597823.0
FRK21,Ain,1990,471019.0
FRE21,Aisne,1990,537200.0
FRK11,Allier,1990,357710.0
FRL01,Alpes-de-Haute-Provence,1990,130883.0
FRL02,Hautes-Alpes,1990,113300.0
FRL03,Alpes-Maritimes,1990,971829.0
FRK22,Ardèche,1990,277581.0
FRF21,Ardennes,1990,296357.0
FRJ21,Ariège,1990,136455.0
FRF22,Aube,1990,289207.0
FRJ11,Aude,1990,298712.0
FRJ22,Aveyron,1990,270141.0
FRL04,Bouches-du-Rhône,1990,1759371.0
FRD11,Calvados,1990,617991.0
FRK12,Cantal,1990,158723.0
FRI31,Charente,1990,341993.0
FRI32,Charente-Maritime,1990,527146.0
FRB01,Cher,1990,321559.0
FRI21,Corrèze,1990,237908.0
FRC11,Côte-dOr,1990,493866.0
FRH01,Côtes-dArmor,1990,538395.0
FRI22,Creuse,1990,131349.0
FRI11,Dordogne,1990,386365.0
FRC21,Doubs,1990,484770.0
FRK23,Drôme,1990,414072.0
FRD21,Eure,1990,513818.0
FRB02,Eure-et-Loir,1990,396073.0
FRH02,Finistère,1990,838687.0
FRM01,Corse-du-Sud,1990,118808.0
FRM02,Haute-Corse,1990,131563.0
FRJ12,Gard,1990,585049.0
FRJ23,Haute-Garonne,1990,925962.0
FRJ24,Gers,1990,174587.0
FRI12,Gironde,1990,1213499.0
FRJ13,Hérault,1990,794603.0
FRH03,Ille-et-Vilaine,1990,798718.0
FRB03,Indre,1990,237510.0
FRB04,Indre-et-Loire,1990,529345.0
FRK24,Isère,1990,1016228.0
FRC22,Jura,1990,248759.0
FRI13,Landes,1990,311461.0
FRB05,Loir-et-Cher,1990,305937.0
FRK25,Loire,1990,746288.0
FRK13,Haute-Loire,1990,206568.0
FRG01,Loire-Atlantique,1990,1052466.0
FRB06,Loiret,1990,580612.0
FRJ25,Lot,1990,155816.0
FRI14,Lot-et-Garonne,1990,305989.0
FRJ14,Lozère,1990,72825.0
FRG02,Maine-et-Loire,1990,705599.0
FRD12,Manche,1990,480123.0
FRF23,Marne,1990,558276.0
FRF24,Haute-Marne,1990,204067.0
FRG03,Mayenne,1990,278037.0
FRF31,Meurthe-et-Moselle,1990,711943.0
FRF32,Meuse,1990,196223.0
FRH04,Morbihan,1990,619838.0
FRF33,Moselle,1990,1011302.0
FRC12,Nièvre,1990,233278.0
FRE11,Nord,1990,2531855.0
FRE22,Oise,1990,725603.0
FRD13,Orne,1990,293204.0
FRE12,Pas-de-Calais,1990,1433203.0
FRK14,Puy-de-Dôme,1990,598213.0
FRI15,Pyrénées-Atlantiques,1990,578516.0
FRJ26,Hautes-Pyrénées,1990,224759.0
FRJ15,Pyrénées-Orientales,1990,363796.0
FRF11,Bas-Rhin,1990,953053.0
FRF12,Haut-Rhin,1990,671319.0
FRK26,Rhône,1990,1508966.0
FRC23,Haute-Saône,1990,229650.0
FRC13,Saône-et-Loire,1990,559413.0
FRG04,Sarthe,1990,513654.0
FRK27,Savoie,1990,348261.0
FRK28,Haute-Savoie,1990,568286.0
FR101,Paris,1990,2152423.0
FRD22,Seine-Maritime,1990,1223429.0
FR102,Seine-et-Marne,1990,1078166.0
FR103,Yvelines,1990,1307150.0
FRI33,Deux-Sèvres,1990,345965.0
FRE23,Somme,1990,547825.0
FRJ27,Tarn,1990,342723.0
FRJ28,Tarn-et-Garonne,1990,200220.0
FRL05,Var,1990,815449.0
FRL06,Vaucluse,1990,467075.0
FRG05,Vendée,1990,509356.0
FRI34,Vienne,1990,380005.0
FRI23,Haute-Vienne,1990,353593.0
FRF34,Vosges,1990,386258.0
FRC14,Yonne,1990,323096.0
FRC24,Territoire de Belfort,1990,134097.0
FR104,Essonne,1990,1084824.0
FR105,Hauts-de-Seine,1990,1391658.0
FR106,Seine-Saint-Denis,1990,1381197.0
FR107,Val-de-Marne,1990,1215538.0
FR108,Val-dOise,1990,1049598.0
FRY10,Guadeloupe,1990,386566.0
FRY20,Martinique,1990,381427.0
FRY30,Guyane,1990,157213.0
FRY40,La Réunion,1990,706300.0
FRK21,Ain,1999,515270.0
FRE21,Aisne,1999,535434.0
FRK11,Allier,1999,344721.0
FRL01,Alpes-de-Haute-Provence,1999,139561.0
FRL02,Hautes-Alpes,1999,121419.0
FRL03,Alpes-Maritimes,1999,1011326.0
FRK22,Ardèche,1999,286023.0
FRF21,Ardennes,1999,290130.0
FRJ21,Ariège,1999,137205.0
FRF22,Aube,1999,292131.0
FRJ11,Aude,1999,309770.0
FRJ22,Aveyron,1999,263808.0
FRL04,Bouches-du-Rhône,1999,1835719.0
FRD11,Calvados,1999,647873.0
FRK12,Cantal,1999,150778.0
FRI31,Charente,1999,339628.0
FRI32,Charente-Maritime,1999,557024.0
FRB01,Cher,1999,314428.0
FRI21,Corrèze,1999,232576.0
FRC11,Côte-dOr,1999,506755.0
FRH01,Côtes-dArmor,1999,542373.0
FRI22,Creuse,1999,124470.0
FRI11,Dordogne,1999,388293.0
FRC21,Doubs,1999,499062.0
FRK23,Drôme,1999,437778.0
FRD21,Eure,1999,541054.0
FRB02,Eure-et-Loir,1999,407665.0
FRH02,Finistère,1999,852418.0
FRM01,Corse-du-Sud,1999,118593.0
FRM02,Haute-Corse,1999,141603.0
FRJ12,Gard,1999,623125.0
FRJ23,Haute-Garonne,1999,1046338.0
FRJ24,Gers,1999,172335.0
FRI12,Gironde,1999,1287334.0
FRJ13,Hérault,1999,896441.0
FRH03,Ille-et-Vilaine,1999,867533.0
FRB03,Indre,1999,231139.0
FRB04,Indre-et-Loire,1999,554003.0
FRK24,Isère,1999,1094006.0
FRC22,Jura,1999,250857.0
FRI13,Landes,1999,327334.0
FRB05,Loir-et-Cher,1999,314968.0
FRK25,Loire,1999,728524.0
FRK13,Haute-Loire,1999,209113.0
FRG01,Loire-Atlantique,1999,1134551.0
FRB06,Loiret,1999,618126.0
FRJ25,Lot,1999,160197.0
FRI14,Lot-et-Garonne,1999,305380.0
FRJ14,Lozère,1999,73509.0
FRG02,Maine-et-Loire,1999,732657.0
FRD12,Manche,1999,481983.0
FRF23,Marne,1999,565284.0
FRF24,Haute-Marne,1999,194873.0
FRG03,Mayenne,1999,285338.0
FRF31,Meurthe-et-Moselle,1999,713779.0
FRF32,Meuse,1999,192198.0
FRH04,Morbihan,1999,643873.0
FRF33,Moselle,1999,1023447.0
FRC12,Nièvre,1999,225198.0
FRE11,Nord,1999,2555020.0
FRE22,Oise,1999,766441.0
FRD13,Orne,1999,292337.0
FRE12,Pas-de-Calais,1999,1441568.0
FRK14,Puy-de-Dôme,1999,604266.0
FRI15,Pyrénées-Atlantiques,1999,600018.0
FRJ26,Hautes-Pyrénées,1999,222368.0
FRJ15,Pyrénées-Orientales,1999,392803.0
FRF11,Bas-Rhin,1999,1026120.0
FRF12,Haut-Rhin,1999,708025.0
FRK26,Rhône,1999,1578869.0
FRC23,Haute-Saône,1999,229732.0
FRC13,Saône-et-Loire,1999,544893.0
FRG04,Sarthe,1999,529851.0
FRK27,Savoie,1999,373258.0
FRK28,Haute-Savoie,1999,631679.0
FR101,Paris,1999,2125246.0
FRD22,Seine-Maritime,1999,1239138.0
FR102,Seine-et-Marne,1999,1193767.0
FR103,Yvelines,1999,1354304.0
FRI33,Deux-Sèvres,1999,344392.0
FRE23,Somme,1999,555551.0
FRJ27,Tarn,1999,343402.0
FRJ28,Tarn-et-Garonne,1999,206034.0
FRL05,Var,1999,898441.0
FRL06,Vaucluse,1999,499685.0
FRG05,Vendée,1999,539664.0
FRI34,Vienne,1999,399024.0
FRI23,Haute-Vienne,1999,353893.0
FRF34,Vosges,1999,380952.0
FRC14,Yonne,1999,333221.0
FRC24,Territoire de Belfort,1999,137408.0
FR104,Essonne,1999,1134238.0
FR105,Hauts-de-Seine,1999,1428881.0
FR106,Seine-Saint-Denis,1999,1382861.0
FR107,Val-de-Marne,1999,1227250.0
FR108,Val-dOise,1999,1105464.0
FRY10,Guadeloupe,1999,400736.0
FRY20,Martinique,1999,397732.0
FRY30,Guyane,1999,205954.0
FRY40,La Réunion,1999,781962.0
FRK21,Ain,2006,566740.0
FRE21,Aisne,2006,536992.0
FRK11,Allier,2006,343309.0
FRL01,Alpes-de-Haute-Provence,2006,154501.0
FRL02,Hautes-Alpes,2006,130752.0
FRL03,Alpes-Maritimes,2006,1073184.0
FRK22,Ardèche,2006,306238.0
FRF21,Ardennes,2006,285653.0
FRJ21,Ariège,2006,146289.0
FRF22,Aube,2006,299704.0
FRJ11,Aude,2006,341022.0
FRJ22,Aveyron,2006,273377.0
FRL04,Bouches-du-Rhône,2006,1937405.0
FRD11,Calvados,2006,670827.0
FRK12,Cantal,2006,149682.0
FRI31,Charente,2006,347037.0
FRI32,Charente-Maritime,2006,598915.0
FRB01,Cher,2006,314675.0
FRI21,Corrèze,2006,240363.0
FRC11,Côte-dOr,2006,517168.0
FRH01,Côtes-dArmor,2006,570861.0
FRI22,Creuse,2006,123401.0
FRI11,Dordogne,2006,404052.0
FRC21,Doubs,2006,516157.0
FRK23,Drôme,2006,468608.0
FRD21,Eure,2006,567221.0
FRB02,Eure-et-Loir,2006,421114.0
FRH02,Finistère,2006,883001.0
FRM01,Corse-du-Sud,2006,135718.0
FRM02,Haute-Corse,2006,158400.0
FRJ12,Gard,2006,683169.0
FRJ23,Haute-Garonne,2006,1186330.0
FRJ24,Gers,2006,181375.0
FRI12,Gironde,2006,1393758.0
FRJ13,Hérault,2006,1001041.0
FRH03,Ille-et-Vilaine,2006,945851.0
FRB03,Indre,2006,232959.0
FRB04,Indre-et-Loire,2006,580312.0
FRK24,Isère,2006,1169491.0
FRC22,Jura,2006,257399.0
FRI13,Landes,2006,362827.0
FRB05,Loir-et-Cher,2006,325182.0
FRK25,Loire,2006,741269.0
FRK13,Haute-Loire,2006,219484.0
FRG01,Loire-Atlantique,2006,1234325.0
FRB06,Loiret,2006,645325.0
FRJ25,Lot,2006,169531.0
FRI14,Lot-et-Garonne,2006,322292.0
FRJ14,Lozère,2006,76800.0
FRG02,Maine-et-Loire,2006,766419.0
FRD12,Manche,2006,493087.0
FRF23,Marne,2006,565910.0
FRF24,Haute-Marne,2006,187652.0
FRG03,Mayenne,2006,299000.0
FRF31,Meurthe-et-Moselle,2006,725302.0
FRF32,Meuse,2006,193696.0
FRH04,Morbihan,2006,694821.0
FRF33,Moselle,2006,1036776.0
FRC12,Nièvre,2006,222220.0
FRE11,Nord,2006,2565257.0
FRE22,Oise,2006,792975.0
FRD13,Orne,2006,292879.0
FRE12,Pas-de-Calais,2006,1453387.0
FRK14,Puy-de-Dôme,2006,623463.0
FRI15,Pyrénées-Atlantiques,2006,636849.0
FRJ26,Hautes-Pyrénées,2006,227736.0
FRJ15,Pyrénées-Orientales,2006,432112.0
FRF11,Bas-Rhin,2006,1079016.0
FRF12,Haut-Rhin,2006,736477.0
FRK26,Rhône,2006,1669655.0
FRC23,Haute-Saône,2006,235867.0
FRC13,Saône-et-Loire,2006,549361.0
FRG04,Sarthe,2006,553484.0
FRK27,Savoie,2006,403090.0
FRK28,Haute-Savoie,2006,696255.0
FR101,Paris,2006,2181371.0
FRD22,Seine-Maritime,2006,1243834.0
FR102,Seine-et-Marne,2006,1273488.0
FR103,Yvelines,2006,1395804.0
FRI33,Deux-Sèvres,2006,359711.0
FRE23,Somme,2006,564319.0
FRJ27,Tarn,2006,365335.0
FRJ28,Tarn-et-Garonne,2006,226849.0
FRL05,Var,2006,985099.0
FRL06,Vaucluse,2006,534291.0
FRG05,Vendée,2006,597185.0
FRI34,Vienne,2006,418460.0
FRI23,Haute-Vienne,2006,367156.0
FRF34,Vosges,2006,379975.0
FRC14,Yonne,2006,340088.0
FRC24,Territoire de Belfort,2006,141201.0
FR104,Essonne,2006,1198273.0
FR105,Hauts-de-Seine,2006,1536100.0
FR106,Seine-Saint-Denis,2006,1491970.0
FR107,Val-de-Marne,2006,1298340.0
FR108,Val-dOise,2006,1157052.0
FRY10,Guadeloupe,2006,400584.0
FRY20,Martinique,2006,397730.0
FRY30,Guyane,2006,213031.0
FRY40,La Réunion,2006,794107.0
FRK21,Ain,2007,574377.0
FRE21,Aisne,2007,537750.0
FRK11,Allier,2007,343114.0
FRL01,Alpes-de-Haute-Provence,2007,156067.0
FRL02,Hautes-Alpes,2007,132482.0
FRL03,Alpes-Maritimes,2007,1082465.0
FRK22,Ardèche,2007,309456.0
FRF21,Ardennes,2007,284749.0
FRJ21,Ariège,2007,148568.0
FRF22,Aube,2007,300840.0
FRJ11,Aude,2007,345779.0
FRJ22,Aveyron,2007,274425.0
FRL04,Bouches-du-Rhône,2007,1958926.0
FRD11,Calvados,2007,673144.0
FRK12,Cantal,2007,149057.0
FRI31,Charente,2007,349535.0
FRI32,Charente-Maritime,2007,605410.0
FRB01,Cher,2007,314599.0
FRI21,Corrèze,2007,242038.0
FRC11,Côte-dOr,2007,519143.0
FRH01,Côtes-dArmor,2007,576049.0
FRI22,Creuse,2007,123861.0
FRI11,Dordogne,2007,406793.0
FRC21,Doubs,2007,520133.0
FRK23,Drôme,2007,473428.0
FRD21,Eure,2007,572105.0
FRB02,Eure-et-Loir,2007,422411.0
FRH02,Finistère,2007,885906.0
FRM01,Corse-du-Sud,2007,139362.0
FRM02,Haute-Corse,2007,159847.0
FRJ12,Gard,2007,689847.0
FRJ23,Haute-Garonne,2007,1202920.0
FRJ24,Gers,2007,183615.0
FRI12,Gironde,2007,1409345.0
FRJ13,Hérault,2007,1011207.0
FRH03,Ille-et-Vilaine,2007,955846.0
FRB03,Indre,2007,232799.0
FRB04,Indre-et-Loire,2007,583086.0
FRK24,Isère,2007,1178714.0
FRC22,Jura,2007,258897.0
FRI13,Landes,2007,367492.0
FRB05,Loir-et-Cher,2007,326291.0
FRK25,Loire,2007,740668.0
FRK13,Haute-Loire,2007,220437.0
FRG01,Loire-Atlantique,2007,1246967.0
FRB06,Loiret,2007,647733.0
FRJ25,Lot,2007,171173.0
FRI14,Lot-et-Garonne,2007,324170.0
FRJ14,Lozère,2007,76880.0
FRG02,Maine-et-Loire,2007,770608.0
FRD12,Manche,2007,495676.0
FRF23,Marne,2007,566561.0
FRF24,Haute-Marne,2007,187407.0
FRG03,Mayenne,2007,300643.0
FRF31,Meurthe-et-Moselle,2007,726592.0
FRF32,Meuse,2007,193962.0
FRH04,Morbihan,2007,702487.0
FRF33,Moselle,2007,1039023.0
FRC12,Nièvre,2007,221488.0
FRE11,Nord,2007,2564950.0
FRE22,Oise,2007,796624.0
FRD13,Orne,2007,292609.0
FRE12,Pas-de-Calais,2007,1456726.0
FRK14,Puy-de-Dôme,2007,626639.0
FRI15,Pyrénées-Atlantiques,2007,643090.0
FRJ26,Hautes-Pyrénées,2007,228594.0
FRJ15,Pyrénées-Orientales,2007,437157.0
FRF11,Bas-Rhin,2007,1084840.0
FRF12,Haut-Rhin,2007,742408.0
FRK26,Rhône,2007,1677073.0
FRC23,Haute-Saône,2007,237197.0
FRC13,Saône-et-Loire,2007,551842.0
FRG04,Sarthe,2007,556946.0
FRK27,Savoie,2007,405535.0
FRK28,Haute-Savoie,2007,706708.0
FR101,Paris,2007,2193030.0
FRD22,Seine-Maritime,2007,1244611.0
FR102,Seine-et-Marne,2007,1289524.0
FR103,Yvelines,2007,1403957.0
FRI33,Deux-Sèvres,2007,362944.0
FRE23,Somme,2007,565910.0
FRJ27,Tarn,2007,369189.0
FRJ28,Tarn-et-Garonne,2007,231763.0
FRL05,Var,2007,995934.0
FRL06,Vaucluse,2007,538141.0
FRG05,Vendée,2007,607430.0
FRI34,Vienne,2007,421891.0
FRI23,Haute-Vienne,2007,371102.0
FRF34,Vosges,2007,380304.0
FRC14,Yonne,2007,341418.0
FRC24,Territoire de Belfort,2007,142444.0
FR104,Essonne,2007,1201994.0
FR105,Hauts-de-Seine,2007,1544411.0
FR106,Seine-Saint-Denis,2007,1502340.0
FR107,Val-de-Marne,2007,1302889.0
FR108,Val-dOise,2007,1160721.0
FRY10,Guadeloupe,2007,401784.0
FRY20,Martinique,2007,397693.0
FRY30,Guyane,2007,219266.0
FRY40,La Réunion,2007,808250.0
FRK21,Ain,2008,581355.0
FRE21,Aisne,2008,538726.0
FRK11,Allier,2008,342807.0
FRL01,Alpes-de-Haute-Provence,2008,157965.0
FRL02,Hautes-Alpes,2008,134205.0
FRL03,Alpes-Maritimes,2008,1084428.0
FRK22,Ardèche,2008,311452.0
FRF21,Ardennes,2008,284197.0
FRJ21,Ariège,2008,150201.0
FRF22,Aube,2008,301327.0
FRJ11,Aude,2008,349237.0
FRJ22,Aveyron,2008,275889.0
FRL04,Bouches-du-Rhône,2008,1966005.0
FRD11,Calvados,2008,677681.0
FRK12,Cantal,2008,148737.0
FRI31,Charente,2008,351581.0
FRI32,Charente-Maritime,2008,611714.0
FRB01,Cher,2008,313251.0
FRI21,Corrèze,2008,242896.0
FRC11,Côte-dOr,2008,521608.0
FRH01,Côtes-dArmor,2008,581570.0
FRI22,Creuse,2008,123907.0
FRI11,Dordogne,2008,409388.0
FRC21,Doubs,2008,522685.0
FRK23,Drôme,2008,478069.0
FRD21,Eure,2008,577087.0
FRB02,Eure-et-Loir,2008,423559.0
FRH02,Finistère,2008,890509.0
FRM01,Corse-du-Sud,2008,140953.0
FRM02,Haute-Corse,2008,162013.0
FRJ12,Gard,2008,694323.0
FRJ23,Haute-Garonne,2008,1217344.0
FRJ24,Gers,2008,185266.0
FRI12,Gironde,2008,1421276.0
FRJ13,Hérault,2008,1019798.0
FRH03,Ille-et-Vilaine,2008,967588.0
FRB03,Indre,2008,232004.0
FRB04,Indre-et-Loire,2008,585406.0
FRK24,Isère,2008,1188660.0
FRC22,Jura,2008,260740.0
FRI13,Landes,2008,373142.0
FRB05,Loir-et-Cher,2008,326599.0
FRK25,Loire,2008,742076.0
FRK13,Haute-Loire,2008,221834.0
FRG01,Loire-Atlantique,2008,1256040.0
FRB06,Loiret,2008,650769.0
FRJ25,Lot,2008,172796.0
FRI14,Lot-et-Garonne,2008,326399.0
FRJ14,Lozère,2008,76973.0
FRG02,Maine-et-Loire,2008,774654.0
FRD12,Manche,2008,497462.0
FRF23,Marne,2008,566074.0
FRF24,Haute-Marne,2008,186470.0
FRG03,Mayenne,2008,302983.0
FRF31,Meurthe-et-Moselle,2008,729768.0
FRF32,Meuse,2008,194218.0
FRH04,Morbihan,2008,710034.0
FRF33,Moselle,2008,1042230.0
FRC12,Nièvre,2008,220653.0
FRE11,Nord,2008,2564959.0
FRE22,Oise,2008,799725.0
FRD13,Orne,2008,292282.0
FRE12,Pas-de-Calais,2008,1459531.0
FRK14,Puy-de-Dôme,2008,628485.0
FRI15,Pyrénées-Atlantiques,2008,647420.0
FRJ26,Hautes-Pyrénées,2008,229079.0
FRJ15,Pyrénées-Orientales,2008,441387.0
FRF11,Bas-Rhin,2008,1091015.0
FRF12,Haut-Rhin,2008,746072.0
FRK26,Rhône,2008,1690498.0
FRC23,Haute-Saône,2008,238548.0
FRC13,Saône-et-Loire,2008,553968.0
FRG04,Sarthe,2008,559587.0
FRK27,Savoie,2008,408842.0
FRK28,Haute-Savoie,2008,716277.0
FR101,Paris,2008,2211297.0
FRD22,Seine-Maritime,2008,1248580.0
FR102,Seine-et-Marne,2008,1303702.0
FR103,Yvelines,2008,1406053.0
FRI33,Deux-Sèvres,2008,365059.0
FRE23,Somme,2008,568086.0
FRJ27,Tarn,2008,371738.0
FRJ28,Tarn-et-Garonne,2008,235915.0
FRL05,Var,2008,1001408.0
FRL06,Vaucluse,2008,538902.0
FRG05,Vendée,2008,616906.0
FRI34,Vienne,2008,424354.0
FRI23,Haute-Vienne,2008,373940.0
FRF34,Vosges,2008,380145.0
FRC14,Yonne,2008,342359.0
FRC24,Territoire de Belfort,2008,141958.0
FR104,Essonne,2008,1205850.0
FR105,Hauts-de-Seine,2008,1549619.0
FR106,Seine-Saint-Denis,2008,1506466.0
FR107,Val-de-Marne,2008,1310876.0
FR108,Val-dOise,2008,1165397.0
FRY10,Guadeloupe,2008,401554.0
FRY20,Martinique,2008,396404.0
FRY30,Guyane,2008,224469.0
FRY40,La Réunion,2008,816364.0
FRK21,Ain,2009,588853.0
FRE21,Aisne,2009,539813.0
FRK11,Allier,2009,343046.0
FRL01,Alpes-de-Haute-Provence,2009,159450.0
FRL02,Hautes-Alpes,2009,135836.0
FRL03,Alpes-Maritimes,2009,1079100.0
FRK22,Ardèche,2009,313578.0
FRF21,Ardennes,2009,283296.0
FRJ21,Ariège,2009,151117.0
FRF22,Aube,2009,303298.0
FRJ11,Aude,2009,353980.0
FRJ22,Aveyron,2009,277048.0
FRL04,Bouches-du-Rhône,2009,1967299.0
FRD11,Calvados,2009,680381.0
FRK12,Cantal,2009,148380.0
FRI31,Charente,2009,351563.0
FRI32,Charente-Maritime,2009,616607.0
FRB01,Cher,2009,311022.0
FRI21,Corrèze,2009,243352.0
FRC11,Côte-dOr,2009,524144.0
FRH01,Côtes-dArmor,2009,587519.0
FRI22,Creuse,2009,123584.0
FRI11,Dordogne,2009,412082.0
FRC21,Doubs,2009,525276.0
FRK23,Drôme,2009,482984.0
FRD21,Eure,2009,582822.0
FRB02,Eure-et-Loir,2009,425502.0
FRH02,Finistère,2009,893914.0
FRM01,Corse-du-Sud,2009,141330.0
FRM02,Haute-Corse,2009,164344.0
FRJ12,Gard,2009,701883.0
FRJ23,Haute-Garonne,2009,1230820.0
FRJ24,Gers,2009,187181.0
FRI12,Gironde,2009,1434661.0
FRJ13,Hérault,2009,1031974.0
FRH03,Ille-et-Vilaine,2009,977449.0
FRB03,Indre,2009,232268.0
FRB04,Indre-et-Loire,2009,588420.0
FRK24,Isère,2009,1197038.0
FRC22,Jura,2009,261277.0
FRI13,Landes,2009,379341.0
FRB05,Loir-et-Cher,2009,327868.0
FRK25,Loire,2009,746115.0
FRK13,Haute-Loire,2009,223122.0
FRG01,Loire-Atlantique,2009,1266544.0
FRB06,Loiret,2009,653510.0
FRJ25,Lot,2009,173562.0
FRI14,Lot-et-Garonne,2009,329697.0
FRJ14,Lozère,2009,77163.0
FRG02,Maine-et-Loire,2009,779896.0
FRD12,Manche,2009,498289.0
FRF23,Marne,2009,566202.0
FRF24,Haute-Marne,2009,185214.0
FRG03,Mayenne,2009,305147.0
FRF31,Meurthe-et-Moselle,2009,731019.0
FRF32,Meuse,2009,194003.0
FRH04,Morbihan,2009,716182.0
FRF33,Moselle,2009,1044898.0
FRC12,Nièvre,2009,220199.0
FRE11,Nord,2009,2571940.0
FRE22,Oise,2009,801512.0
FRD13,Orne,2009,292210.0
FRE12,Pas-de-Calais,2009,1461257.0
FRK14,Puy-de-Dôme,2009,629416.0
FRI15,Pyrénées-Atlantiques,2009,650356.0
FRJ26,Hautes-Pyrénées,2009,229670.0
FRJ15,Pyrénées-Orientales,2009,445890.0
FRF11,Bas-Rhin,2009,1094439.0
FRF12,Haut-Rhin,2009,748614.0
FRK26,Rhône,2009,1708671.0
FRC23,Haute-Saône,2009,239194.0
FRC13,Saône-et-Loire,2009,554720.0
FRG04,Sarthe,2009,561050.0
FRK27,Savoie,2009,411007.0
FRK28,Haute-Savoie,2009,725794.0
FR101,Paris,2009,2234105.0
FRD22,Seine-Maritime,2009,1250120.0
FR102,Seine-et-Marne,2009,1313414.0
FR103,Yvelines,2009,1407560.0
FRI33,Deux-Sèvres,2009,366339.0
FRE23,Somme,2009,569775.0
FRJ27,Tarn,2009,374018.0
FRJ28,Tarn-et-Garonne,2009,239291.0
FRL05,Var,2009,1007303.0
FRL06,Vaucluse,2009,540065.0
FRG05,Vendée,2009,626411.0
FRI34,Vienne,2009,426066.0
FRI23,Haute-Vienne,2009,374849.0
FRF34,Vosges,2009,380192.0
FRC14,Yonne,2009,343377.0
FRC24,Territoire de Belfort,2009,142461.0
FR104,Essonne,2009,1208004.0
FR105,Hauts-de-Seine,2009,1561745.0
FR106,Seine-Saint-Denis,2009,1515983.0
FR107,Val-de-Marne,2009,1318537.0
FR108,Val-dOise,2009,1168892.0
FRY10,Guadeloupe,2009,403355.0
FRY20,Martinique,2009,394173.0
FRY30,Guyane,2009,229040.0
FRY40,La Réunion,2009,821136.0
FRK21,Ain,2010,597341.0
FRE21,Aisne,2010,540458.0
FRK11,Allier,2010,342908.0
FRL01,Alpes-de-Haute-Provence,2010,160149.0
FRL02,Hautes-Alpes,2010,136971.0
FRL03,Alpes-Maritimes,2010,1078729.0
FRK22,Ardèche,2010,315090.0
FRF21,Ardennes,2010,283250.0
FRJ21,Ariège,2010,152038.0
FRF22,Aube,2010,303327.0
FRJ11,Aude,2010,356467.0
FRJ22,Aveyron,2010,276805.0
FRL04,Bouches-du-Rhône,2010,1972018.0
FRD11,Calvados,2010,682567.0
FRK12,Cantal,2010,148162.0
FRI31,Charente,2010,351577.0
FRI32,Charente-Maritime,2010,622323.0
FRB01,Cher,2010,311257.0
FRI21,Corrèze,2010,243551.0
FRC11,Côte-dOr,2010,524358.0
FRH01,Côtes-dArmor,2010,591641.0
FRI22,Creuse,2010,123029.0
FRI11,Dordogne,2010,414149.0
FRC21,Doubs,2010,527770.0
FRK23,Drôme,2010,484715.0
FRD21,Eure,2010,586543.0
FRB02,Eure-et-Loir,2010,428933.0
FRH02,Finistère,2010,897628.0
FRM01,Corse-du-Sud,2010,143600.0
FRM02,Haute-Corse,2010,166093.0
FRJ12,Gard,2010,709700.0
FRJ23,Haute-Garonne,2010,1243641.0
FRJ24,Gers,2010,188159.0
FRI12,Gironde,2010,1449245.0
FRJ13,Hérault,2010,1044558.0
FRH03,Ille-et-Vilaine,2010,988140.0
FRB03,Indre,2010,231176.0
FRB04,Indre-et-Loire,2010,590515.0
FRK24,Isère,2010,1206374.0
FRC22,Jura,2010,261534.0
FRI13,Landes,2010,384320.0
FRB05,Loir-et-Cher,2010,330079.0
FRK25,Loire,2010,748947.0
FRK13,Haute-Loire,2010,224006.0
FRG01,Loire-Atlantique,2010,1282219.0
FRB06,Loiret,2010,656105.0
FRJ25,Lot,2010,174578.0
FRI14,Lot-et-Garonne,2010,331123.0
FRJ14,Lozère,2010,77082.0
FRG02,Maine-et-Loire,2010,784643.0
FRD12,Manche,2010,499285.0
FRF23,Marne,2010,565357.0
FRF24,Haute-Marne,2010,184039.0
FRG03,Mayenne,2010,306337.0
FRF31,Meurthe-et-Moselle,2010,732207.0
FRF32,Meuse,2010,193923.0
FRH04,Morbihan,2010,721657.0
FRF33,Moselle,2010,1045066.0
FRC12,Nièvre,2010,219584.0
FRE11,Nord,2010,2576770.0
FRE22,Oise,2010,803595.0
FRD13,Orne,2010,291642.0
FRE12,Pas-de-Calais,2010,1461387.0
FRK14,Puy-de-Dôme,2010,632311.0
FRI15,Pyrénées-Atlantiques,2010,653515.0
FRJ26,Hautes-Pyrénées,2010,229458.0
FRJ15,Pyrénées-Orientales,2010,448543.0
FRF11,Bas-Rhin,2010,1095905.0
FRF12,Haut-Rhin,2010,749782.0
FRK26,Rhône,2010,1725177.0
FRC23,Haute-Saône,2010,239548.0
FRC13,Saône-et-Loire,2010,555663.0
FRG04,Sarthe,2010,563518.0
FRK27,Savoie,2010,414959.0
FRK28,Haute-Savoie,2010,738088.0
FR101,Paris,2010,2243833.0
FRD22,Seine-Maritime,2010,1250411.0
FR102,Seine-et-Marne,2010,1324865.0
FR103,Yvelines,2010,1408765.0
FRI33,Deux-Sèvres,2010,369270.0
FRE23,Somme,2010,570741.0
FRJ27,Tarn,2010,375379.0
FRJ28,Tarn-et-Garonne,2010,241698.0
FRL05,Var,2010,1008183.0
FRL06,Vaucluse,2010,543105.0
FRG05,Vendée,2010,634778.0
FRI34,Vienne,2010,427193.0
FRI23,Haute-Vienne,2010,376191.0
FRF34,Vosges,2010,379724.0
FRC14,Yonne,2010,342510.0
FRC24,Territoire de Belfort,2010,142911.0
FR104,Essonne,2010,1215340.0
FR105,Hauts-de-Seine,2010,1572490.0
FR106,Seine-Saint-Denis,2010,1522048.0
FR107,Val-de-Marne,2010,1327732.0
FR108,Val-dOise,2010,1171161.0
FRY10,Guadeloupe,2010,404635.0
FRY20,Martinique,2010,392291.0
FRY30,Guyane,2010,237549.0
FRY40,La Réunion,2010,828581.0
FRK21,Ain,2011,603827.0
FRE21,Aisne,2011,541256.0
FRK11,Allier,2011,342729.0
FRL01,Alpes-de-Haute-Provence,2011,160959.0
FRL02,Hautes-Alpes,2011,138605.0
FRL03,Alpes-Maritimes,2011,1081244.0
FRK22,Ardèche,2011,317277.0
FRF21,Ardennes,2011,283110.0
FRJ21,Ariège,2011,152286.0
FRF22,Aube,2011,303997.0
FRJ11,Aude,2011,359967.0
FRJ22,Aveyron,2011,275813.0
FRL04,Bouches-du-Rhône,2011,1975896.0
FRD11,Calvados,2011,684709.0
FRK12,Cantal,2011,147577.0
FRI31,Charente,2011,352705.0
FRI32,Charente-Maritime,2011,625682.0
FRB01,Cher,2011,311694.0
FRI21,Corrèze,2011,242454.0
FRC11,Côte-dOr,2011,525931.0
FRH01,Côtes-dArmor,2011,594375.0
FRI22,Creuse,2011,122560.0
FRI11,Dordogne,2011,415168.0
FRC21,Doubs,2011,529103.0
FRK23,Drôme,2011,487993.0
FRD21,Eure,2011,588111.0
FRB02,Eure-et-Loir,2011,430416.0
FRH02,Finistère,2011,899870.0
FRM01,Corse-du-Sud,2011,145846.0
FRM02,Haute-Corse,2011,168640.0
FRJ12,Gard,2011,718357.0
FRJ23,Haute-Garonne,2011,1260226.0
FRJ24,Gers,2011,188893.0
FRI12,Gironde,2011,1463662.0
FRJ13,Hérault,2011,1062036.0
FRH03,Ille-et-Vilaine,2011,996439.0
FRB03,Indre,2011,230175.0
FRB04,Indre-et-Loire,2011,593683.0
FRK24,Isère,2011,1215212.0
FRC22,Jura,2011,261294.0
FRI13,Landes,2011,387929.0
FRB05,Loir-et-Cher,2011,331280.0
FRK25,Loire,2011,749053.0
FRK13,Haute-Loire,2011,224907.0
FRG01,Loire-Atlantique,2011,1296526.0
FRB06,Loiret,2011,659587.0
FRJ25,Lot,2011,174754.0
FRI14,Lot-et-Garonne,2011,330866.0
FRJ14,Lozère,2011,77156.0
FRG02,Maine-et-Loire,2011,790181.0
FRD12,Manche,2011,500084.0
FRF23,Marne,2011,566617.0
FRF24,Haute-Marne,2011,182375.0
FRG03,Mayenne,2011,307031.0
FRF31,Meurthe-et-Moselle,2011,733124.0
FRF32,Meuse,2011,193557.0
FRH04,Morbihan,2011,727083.0
FRF33,Moselle,2011,1045146.0
FRC12,Nièvre,2011,218341.0
FRE11,Nord,2011,2579208.0
FRE22,Oise,2011,805642.0
FRD13,Orne,2011,290891.0
FRE12,Pas-de-Calais,2011,1462807.0
FRK14,Puy-de-Dôme,2011,635469.0
FRI15,Pyrénées-Atlantiques,2011,656608.0
FRJ26,Hautes-Pyrénées,2011,229228.0
FRJ15,Pyrénées-Orientales,2011,452530.0
FRF11,Bas-Rhin,2011,1099269.0
FRF12,Haut-Rhin,2011,753056.0
FRK26,Rhône,2011,1744236.0
FRC23,Haute-Saône,2011,239695.0
FRC13,Saône-et-Loire,2011,555999.0
FRG04,Sarthe,2011,565718.0
FRK27,Savoie,2011,418949.0
FRK28,Haute-Savoie,2011,746994.0
FR101,Paris,2011,2249975.0
FRD22,Seine-Maritime,2011,1251282.0
FR102,Seine-et-Marne,2011,1338427.0
FR103,Yvelines,2011,1413635.0
FRI33,Deux-Sèvres,2011,370939.0
FRE23,Somme,2011,571211.0
FRJ27,Tarn,2011,377675.0
FRJ28,Tarn-et-Garonne,2011,244545.0
FRL05,Var,2011,1012735.0
FRL06,Vaucluse,2011,546630.0
FRG05,Vendée,2011,641657.0
FRI34,Vienne,2011,428447.0
FRI23,Haute-Vienne,2011,376058.0
FRF34,Vosges,2011,378830.0
FRC14,Yonne,2011,342463.0
FRC24,Territoire de Belfort,2011,143348.0
FR104,Essonne,2011,1225191.0
FR105,Hauts-de-Seine,2011,1581628.0
FR106,Seine-Saint-Denis,2011,1529928.0
FR107,Val-de-Marne,2011,1333702.0
FR108,Val-dOise,2011,1180365.0
FRY10,Guadeloupe,2011,403314.0
FRY20,Martinique,2011,388364.0
FRY30,Guyane,2011,239648.0
FRY40,La Réunion,2011,833944.0
FRK21,Ain,2012,612191.0
FRE21,Aisne,2012,540843.0
FRK11,Allier,2012,342911.0
FRL01,Alpes-de-Haute-Provence,2012,161241.0
FRL02,Hautes-Alpes,2012,139554.0
FRL03,Alpes-Maritimes,2012,1082014.0
FRK22,Ardèche,2012,318407.0
FRF21,Ardennes,2012,282778.0
FRJ21,Ariège,2012,152366.0
FRF22,Aube,2012,305606.0
FRJ11,Aude,2012,362339.0
FRJ22,Aveyron,2012,276229.0
FRL04,Bouches-du-Rhône,2012,1984784.0
FRD11,Calvados,2012,687304.0
FRK12,Cantal,2012,147415.0
FRI31,Charente,2012,353657.0
FRI32,Charente-Maritime,2012,628733.0
FRB01,Cher,2012,311897.0
FRI21,Corrèze,2012,241247.0
FRC11,Côte-dOr,2012,527403.0
FRH01,Côtes-dArmor,2012,595531.0
FRI22,Creuse,2012,121517.0
FRI11,Dordogne,2012,416384.0
FRC21,Doubs,2012,531062.0
FRK23,Drôme,2012,491334.0
FRD21,Eure,2012,591616.0
FRB02,Eure-et-Loir,2012,432107.0
FRH02,Finistère,2012,901293.0
FRM01,Corse-du-Sud,2012,145429.0
FRM02,Haute-Corse,2012,170828.0
FRJ12,Gard,2012,725618.0
FRJ23,Haute-Garonne,2012,1279349.0
FRJ24,Gers,2012,189530.0
FRI12,Gironde,2012,1483712.0
FRJ13,Hérault,2012,1077627.0
FRH03,Ille-et-Vilaine,2012,1007901.0
FRB03,Indre,2012,228692.0
FRB04,Indre-et-Loire,2012,596937.0
FRK24,Isère,2012,1224993.0
FRC22,Jura,2012,260932.0
FRI13,Landes,2012,392884.0
FRB05,Loir-et-Cher,2012,331656.0
FRK25,Loire,2012,753763.0
FRK13,Haute-Loire,2012,225686.0
FRG01,Loire-Atlantique,2012,1313473.0
FRB06,Loiret,2012,662297.0
FRJ25,Lot,2012,174346.0
FRI14,Lot-et-Garonne,2012,332119.0
FRJ14,Lozère,2012,76889.0
FRG02,Maine-et-Loire,2012,795405.0
FRD12,Manche,2012,499890.0
FRF23,Marne,2012,568795.0
FRF24,Haute-Marne,2012,182136.0
FRG03,Mayenne,2012,307453.0
FRF31,Meurthe-et-Moselle,2012,733266.0
FRF32,Meuse,2012,192800.0
FRH04,Morbihan,2012,732372.0
FRF33,Moselle,2012,1046468.0
FRC12,Nièvre,2012,216786.0
FRE11,Nord,2012,2587128.0
FRE22,Oise,2012,810300.0
FRD13,Orne,2012,290015.0
FRE12,Pas-de-Calais,2012,1463628.0
FRK14,Puy-de-Dôme,2012,638092.0
FRI15,Pyrénées-Atlantiques,2012,660871.0
FRJ26,Hautes-Pyrénées,2012,228854.0
FRJ15,Pyrénées-Orientales,2012,457793.0
FRF11,Bas-Rhin,2012,1104667.0
FRF12,Haut-Rhin,2012,755202.0
FRK26,Rhône,2012,1762866.0
FRC23,Haute-Saône,2012,239750.0
FRC13,Saône-et-Loire,2012,555039.0
FRG04,Sarthe,2012,567382.0
FRK27,Savoie,2012,421105.0
FRK28,Haute-Savoie,2012,756501.0
FR101,Paris,2012,2240621.0
FRD22,Seine-Maritime,2012,1253931.0
FR102,Seine-et-Marne,2012,1353946.0
FR103,Yvelines,2012,1412356.0
FRI33,Deux-Sèvres,2012,371583.0
FRE23,Somme,2012,571154.0
FRJ27,Tarn,2012,378947.0
FRJ28,Tarn-et-Garonne,2012,246971.0
FRL05,Var,2012,1021669.0
FRL06,Vaucluse,2012,546314.0
FRG05,Vendée,2012,648901.0
FRI34,Vienne,2012,430018.0
FRI23,Haute-Vienne,2012,375869.0
FRF34,Vosges,2012,377282.0
FRC14,Yonne,2012,341902.0
FRC24,Territoire de Belfort,2012,143940.0
FR104,Essonne,2012,1237507.0
FR105,Hauts-de-Seine,2012,1586434.0
FR106,Seine-Saint-Denis,2012,1538726.0
FR107,Val-de-Marne,2012,1341831.0
FR108,Val-dOise,2012,1187081.0
FRY10,Guadeloupe,2012,402119.0
FRY20,Martinique,2012,385551.0
FRY30,Guyane,2012,244118.0
FRY40,La Réunion,2012,835103.0
FRK21,Ain,2013,619497.0
FRE21,Aisne,2013,540020.0
FRK11,Allier,2013,343431.0
FRL01,Alpes-de-Haute-Provence,2013,161916.0
FRL02,Hautes-Alpes,2013,139279.0
FRL03,Alpes-Maritimes,2013,1080771.0
FRK22,Ardèche,2013,320379.0
FRF21,Ardennes,2013,280907.0
FRJ21,Ariège,2013,152684.0
FRF22,Aube,2013,306581.0
FRJ11,Aude,2013,364877.0
FRJ22,Aveyron,2013,277740.0
FRL04,Bouches-du-Rhône,2013,1993177.0
FRD11,Calvados,2013,689399.0
FRK12,Cantal,2013,147035.0
FRI31,Charente,2013,353482.0
FRI32,Charente-Maritime,2013,633417.0
FRB01,Cher,2013,311650.0
FRI21,Corrèze,2013,240781.0
FRC11,Côte-dOr,2013,529761.0
FRH01,Côtes-dArmor,2013,597085.0
FRI22,Creuse,2013,120872.0
FRI11,Dordogne,2013,416909.0
FRC21,Doubs,2013,533320.0
FRK23,Drôme,2013,494712.0
FRD21,Eure,2013,595043.0
FRB02,Eure-et-Loir,2013,432967.0
FRH02,Finistère,2013,903921.0
FRM01,Corse-du-Sud,2013,149234.0
FRM02,Haute-Corse,2013,170974.0
FRJ12,Gard,2013,733201.0
FRJ23,Haute-Garonne,2013,1298562.0
FRJ24,Gers,2013,190276.0
FRI12,Gironde,2013,1505517.0
FRJ13,Hérault,2013,1092331.0
FRH03,Ille-et-Vilaine,2013,1019923.0
FRB03,Indre,2013,228091.0
FRB04,Indre-et-Loire,2013,600252.0
FRK24,Isère,2013,1235387.0
FRC22,Jura,2013,260502.0
FRI13,Landes,2013,397226.0
FRB05,Loir-et-Cher,2013,332001.0
FRK25,Loire,2013,756715.0
FRK13,Haute-Loire,2013,226203.0
FRG01,Loire-Atlantique,2013,1328774.0
FRB06,Loiret,2013,665587.0
FRJ25,Lot,2013,173758.0
FRI14,Lot-et-Garonne,2013,333180.0
FRJ14,Lozère,2013,76607.0
FRG02,Maine-et-Loire,2013,800037.0
FRD12,Manche,2013,500465.0
FRF23,Marne,2013,570046.0
FRF24,Haute-Marne,2013,181521.0
FRG03,Mayenne,2013,307500.0
FRF31,Meurthe-et-Moselle,2013,731004.0
FRF32,Meuse,2013,192094.0
FRH04,Morbihan,2013,737778.0
FRF33,Moselle,2013,1046873.0
FRC12,Nièvre,2013,215221.0
FRE11,Nord,2013,2595536.0
FRE22,Oise,2013,815400.0
FRD13,Orne,2013,288848.0
FRE12,Pas-de-Calais,2013,1465205.0
FRK14,Puy-de-Dôme,2013,640999.0
FRI15,Pyrénées-Atlantiques,2013,664057.0
FRJ26,Hautes-Pyrénées,2013,228868.0
FRJ15,Pyrénées-Orientales,2013,462705.0
FRF11,Bas-Rhin,2013,1109460.0
FRF12,Haut-Rhin,2013,758723.0
FRK26,Rhône,2013,1779845.0
FRC23,Haute-Saône,2013,238956.0
FRC13,Saône-et-Loire,2013,556222.0
FRG04,Sarthe,2013,569035.0
FRK27,Savoie,2013,423715.0
FRK28,Haute-Savoie,2013,769677.0
FR101,Paris,2013,2229621.0
FRD22,Seine-Maritime,2013,1254609.0
FR102,Seine-et-Marne,2013,1365200.0
FR103,Yvelines,2013,1418484.0
FRI33,Deux-Sèvres,2013,371632.0
FRE23,Somme,2013,571675.0
FRJ27,Tarn,2013,381927.0
FRJ28,Tarn-et-Garonne,2013,250342.0
FRL05,Var,2013,1028583.0
FRL06,Vaucluse,2013,549949.0
FRG05,Vendée,2013,655506.0
FRI34,Vienne,2013,431248.0
FRI23,Haute-Vienne,2013,375856.0
FRF34,Vosges,2013,375226.0
FRC14,Yonne,2013,341483.0
FRC24,Territoire de Belfort,2013,144318.0
FR104,Essonne,2013,1253931.0
FR105,Hauts-de-Seine,2013,1591403.0
FR106,Seine-Saint-Denis,2013,1552482.0
FR107,Val-de-Marne,2013,1354005.0
FR108,Val-dOise,2013,1194681.0
FRY10,Guadeloupe,2013,400186.0
FRY20,Martinique,2013,383911.0
FRY30,Guyane,2013,252338.0
FRY40,La Réunion,2013,842767.0
FRK21,Ain,2014,626127.0
FRE21,Aisne,2014,539734.0
FRK11,Allier,2014,343062.0
FRL01,Alpes-de-Haute-Provence,2014,161588.0
FRL02,Hautes-Alpes,2014,139883.0
FRL03,Alpes-Maritimes,2014,1083312.0
FRK22,Ardèche,2014,322381.0
FRF21,Ardennes,2014,279715.0
FRJ21,Ariège,2014,152574.0
FRF22,Aube,2014,308094.0
FRJ11,Aude,2014,365478.0
FRJ22,Aveyron,2014,278644.0
FRL04,Bouches-du-Rhône,2014,2006069.0
FRD11,Calvados,2014,691127.0
FRK12,Cantal,2014,146618.0
FRI31,Charente,2014,353853.0
FRI32,Charente-Maritime,2014,637089.0
FRB01,Cher,2014,310270.0
FRI21,Corrèze,2014,241340.0
FRC11,Côte-dOr,2014,531380.0
FRH01,Côtes-dArmor,2014,597397.0
FRI22,Creuse,2014,120581.0
FRI11,Dordogne,2014,416350.0
FRC21,Doubs,2014,534710.0
FRK23,Drôme,2014,499159.0
FRD21,Eure,2014,598347.0
FRB02,Eure-et-Loir,2014,433762.0
FRH02,Finistère,2014,905855.0
FRM01,Corse-du-Sud,2014,151652.0
FRM02,Haute-Corse,2014,172560.0
FRJ12,Gard,2014,736029.0
FRJ23,Haute-Garonne,2014,1317668.0
FRJ24,Gers,2014,190625.0
FRI12,Gironde,2014,1526016.0
FRJ13,Hérault,2014,1107398.0
FRH03,Ille-et-Vilaine,2014,1032240.0
FRB03,Indre,2014,226175.0
FRB04,Indre-et-Loire,2014,603924.0
FRK24,Isère,2014,1243597.0
FRC22,Jura,2014,260681.0
FRI13,Landes,2014,400477.0
FRB05,Loir-et-Cher,2014,333567.0
FRK25,Loire,2014,757305.0
FRK13,Haute-Loire,2014,226565.0
FRG01,Loire-Atlantique,2014,1347735.0
FRB06,Loiret,2014,669737.0
FRJ25,Lot,2014,173648.0
FRI14,Lot-et-Garonne,2014,333234.0
FRJ14,Lozère,2014,76360.0
FRG02,Maine-et-Loire,2014,804745.0
FRD12,Manche,2014,500501.0
FRF23,Marne,2014,570866.0
FRF24,Haute-Marne,2014,180673.0
FRG03,Mayenne,2014,307471.0
FRF31,Meurthe-et-Moselle,2014,732153.0
FRF32,Meuse,2014,191530.0
FRH04,Morbihan,2014,741051.0
FRF33,Moselle,2014,1045154.0
FRC12,Nièvre,2014,213569.0
FRE11,Nord,2014,2603472.0
FRE22,Oise,2014,818680.0
FRD13,Orne,2014,287750.0
FRE12,Pas-de-Calais,2014,1472589.0
FRK14,Puy-de-Dôme,2014,644216.0
FRI15,Pyrénées-Atlantiques,2014,667249.0
FRJ26,Hautes-Pyrénées,2014,228950.0
FRJ15,Pyrénées-Orientales,2014,466327.0
FRF11,Bas-Rhin,2014,1112815.0
FRF12,Haut-Rhin,2014,760134.0
FRK26,Rhône,2014,1801885.0
FRC23,Haute-Saône,2014,238347.0
FRC13,Saône-et-Loire,2014,555788.0
FRG04,Sarthe,2014,568760.0
FRK27,Savoie,2014,426924.0
FRK28,Haute-Savoie,2014,783127.0
FR101,Paris,2014,2220445.0
FRD22,Seine-Maritime,2014,1257920.0
FR102,Seine-et-Marne,2014,1377846.0
FR103,Yvelines,2014,1421670.0
FRI33,Deux-Sèvres,2014,373553.0
FRE23,Somme,2014,571632.0
FRJ27,Tarn,2014,384474.0
FRJ28,Tarn-et-Garonne,2014,252578.0
FRL05,Var,2014,1038212.0
FRL06,Vaucluse,2014,554374.0
FRG05,Vendée,2014,662122.0
FRI34,Vienne,2014,433203.0
FRI23,Haute-Vienne,2014,376199.0
FRF34,Vosges,2014,373560.0
FRC14,Yonne,2014,341814.0
FRC24,Territoire de Belfort,2014,144334.0
FR104,Essonne,2014,1268228.0
FR105,Hauts-de-Seine,2014,1597770.0
FR106,Seine-Saint-Denis,2014,1571028.0
FR107,Val-de-Marne,2014,1365039.0
FR108,Val-dOise,2014,1205539.0
FRY10,Guadeloupe,2014,397990.0
FRY20,Martinique,2014,380877.0
FRY30,Guyane,2014,259865.0
FRY40,La Réunion,2014,850727.0
FRK21,Ain,2015,631877.0
FRE21,Aisne,2015,538659.0
FRK11,Allier,2015,341613.0
FRL01,Alpes-de-Haute-Provence,2015,161799.0
FRL02,Hautes-Alpes,2015,140916.0
FRL03,Alpes-Maritimes,2015,1082440.0
FRK22,Ardèche,2015,324209.0
FRF21,Ardennes,2015,277752.0
FRJ21,Ariège,2015,152499.0
FRF22,Aube,2015,309056.0
FRJ11,Aude,2015,366957.0
FRJ22,Aveyron,2015,279169.0
FRL04,Bouches-du-Rhône,2015,2016622.0
FRD11,Calvados,2015,693042.0
FRK12,Cantal,2015,146219.0
FRI31,Charente,2015,353613.0
FRI32,Charente-Maritime,2015,639938.0
FRB01,Cher,2015,308992.0
FRI21,Corrèze,2015,241871.0
FRC11,Côte-dOr,2015,533147.0
FRH01,Côtes-dArmor,2015,598357.0
FRI22,Creuse,2015,120365.0
FRI11,Dordogne,2015,415417.0
FRC21,Doubs,2015,536959.0
FRK23,Drôme,2015,504637.0
FRD21,Eure,2015,601948.0
FRB02,Eure-et-Loir,2015,434035.0
FRH02,Finistère,2015,907796.0
FRM01,Corse-du-Sud,2015,152730.0
FRM02,Haute-Corse,2015,174553.0
FRJ12,Gard,2015,738189.0
FRJ23,Haute-Garonne,2015,1335103.0
FRJ24,Gers,2015,190932.0
FRI12,Gironde,2015,1548478.0
FRJ13,Hérault,2015,1120190.0
FRH03,Ille-et-Vilaine,2015,1042884.0
FRB03,Indre,2015,224200.0
FRB04,Indre-et-Loire,2015,604966.0
FRK24,Isère,2015,1251060.0
FRC22,Jura,2015,260587.0
FRI13,Landes,2015,403234.0
FRB05,Loir-et-Cher,2015,333050.0
FRK25,Loire,2015,759411.0
FRK13,Haute-Loire,2015,227034.0
FRG01,Loire-Atlantique,2015,1366358.0
FRB06,Loiret,2015,673349.0
FRJ25,Lot,2015,173400.0
FRI14,Lot-et-Garonne,2015,333417.0
FRJ14,Lozère,2015,76309.0
FRG02,Maine-et-Loire,2015,809055.0
FRD12,Manche,2015,499824.0
FRF23,Marne,2015,572293.0
FRF24,Haute-Marne,2015,179154.0
FRG03,Mayenne,2015,307940.0
FRF31,Meurthe-et-Moselle,2015,734403.0
FRF32,Meuse,2015,190626.0
FRH04,Morbihan,2015,744813.0
FRF33,Moselle,2015,1044486.0
FRC12,Nièvre,2015,211747.0
FRE11,Nord,2015,2605238.0
FRE22,Oise,2015,821552.0
FRD13,Orne,2015,286618.0
FRE12,Pas-de-Calais,2015,1472648.0
FRK14,Puy-de-Dôme,2015,647501.0
FRI15,Pyrénées-Atlantiques,2015,670032.0
FRJ26,Hautes-Pyrénées,2015,228582.0
FRJ15,Pyrénées-Orientales,2015,471038.0
FRF11,Bas-Rhin,2015,1116658.0
FRF12,Haut-Rhin,2015,762607.0
FRK26,Rhône,2015,1821995.0
FRC23,Haute-Saône,2015,237706.0
FRC13,Saône-et-Loire,2015,555408.0
FRG04,Sarthe,2015,568445.0
FRK27,Savoie,2015,428204.0
FRK28,Haute-Savoie,2015,793938.0
FR101,Paris,2015,2206488.0
FRD22,Seine-Maritime,2015,1257699.0
FR102,Seine-et-Marne,2015,1390121.0
FR103,Yvelines,2015,1427291.0
FRI33,Deux-Sèvres,2015,374435.0
FRE23,Somme,2015,571879.0
FRJ27,Tarn,2015,386543.0
FRJ28,Tarn-et-Garonne,2015,255274.0
FRL05,Var,2015,1048652.0
FRL06,Vaucluse,2015,557548.0
FRG05,Vendée,2015,666714.0
FRI34,Vienne,2015,434887.0
FRI23,Haute-Vienne,2015,375795.0
FRF34,Vosges,2015,372016.0
FRC14,Yonne,2015,340903.0
FRC24,Territoire de Belfort,2015,144483.0
FR104,Essonne,2015,1276233.0
FR105,Hauts-de-Seine,2015,1601569.0
FR106,Seine-Saint-Denis,2015,1592663.0
FR107,Val-de-Marne,2015,1372389.0
FR108,Val-dOise,2015,1215390.0
FRY10,Guadeloupe,2015,394110.0
FRY20,Martinique,2015,376480.0
FRY30,Guyane,2015,269352.0
FRY40,La Réunion,2015,852924.0
FRK21,Ain,2016,638425.0
FRE21,Aisne,2016,536136.0
FRK11,Allier,2016,339384.0
FRL01,Alpes-de-Haute-Provence,2016,162565.0
FRL02,Hautes-Alpes,2016,141107.0
FRL03,Alpes-Maritimes,2016,1083704.0
FRK22,Ardèche,2016,325157.0
FRF21,Ardennes,2016,275371.0
FRJ21,Ariège,2016,153067.0
FRF22,Aube,2016,308910.0
FRJ11,Aude,2016,368025.0
FRJ22,Aveyron,2016,278697.0
FRL04,Bouches-du-Rhône,2016,2019717.0
FRD11,Calvados,2016,693679.0
FRK12,Cantal,2016,145969.0
FRI31,Charente,2016,353288.0
FRI32,Charente-Maritime,2016,642191.0
FRB01,Cher,2016,307110.0
FRI21,Corrèze,2016,241535.0
FRC11,Côte-dOr,2016,533213.0
FRH01,Côtes-dArmor,2016,598953.0
FRI22,Creuse,2016,119502.0
FRI11,Dordogne,2016,414789.0
FRC21,Doubs,2016,538549.0
FRK23,Drôme,2016,508006.0
FRD21,Eure,2016,602825.0
FRB02,Eure-et-Loir,2016,433929.0
FRH02,Finistère,2016,908249.0
FRM01,Corse-du-Sud,2016,154303.0
FRM02,Haute-Corse,2016,176152.0
FRJ12,Gard,2016,742006.0
FRJ23,Haute-Garonne,2016,1348183.0
FRJ24,Gers,2016,190664.0
FRI12,Gironde,2016,1566679.0
FRJ13,Hérault,2016,1132481.0
FRH03,Ille-et-Vilaine,2016,1051779.0
FRB03,Indre,2016,223505.0
FRB04,Indre-et-Loire,2016,606223.0
FRK24,Isère,2016,1252912.0
FRC22,Jura,2016,260517.0
FRI13,Landes,2016,405010.0
FRB05,Loir-et-Cher,2016,332769.0
FRK25,Loire,2016,761997.0
FRK13,Haute-Loire,2016,227339.0
FRG01,Loire-Atlantique,2016,1380852.0
FRB06,Loiret,2016,674330.0
FRJ25,Lot,2016,173347.0
FRI14,Lot-et-Garonne,2016,332833.0
FRJ14,Lozère,2016,76422.0
FRG02,Maine-et-Loire,2016,810934.0
FRD12,Manche,2016,498362.0
FRF23,Marne,2016,570883.0
FRF24,Haute-Marne,2016,178084.0
FRG03,Mayenne,2016,307688.0
FRF31,Meurthe-et-Moselle,2016,733821.0
FRF32,Meuse,2016,189055.0
FRH04,Morbihan,2016,747548.0
FRF33,Moselle,2016,1045271.0
FRC12,Nièvre,2016,209161.0
FRE11,Nord,2016,2603723.0
FRE22,Oise,2016,823542.0
FRD13,Orne,2016,285308.0
FRE12,Pas-de-Calais,2016,1470725.0
FRK14,Puy-de-Dôme,2016,650700.0
FRI15,Pyrénées-Atlantiques,2016,673986.0
FRJ26,Hautes-Pyrénées,2016,227829.0
FRJ15,Pyrénées-Orientales,2016,474369.0
FRF11,Bas-Rhin,2016,1121407.0
FRF12,Haut-Rhin,2016,762743.0
FRK26,Rhône,2016,1835903.0
FRC23,Haute-Saône,2016,237242.0
FRC13,Saône-et-Loire,2016,555023.0
FRG04,Sarthe,2016,567561.0
FRK27,Savoie,2016,429681.0
FRK28,Haute-Savoie,2016,801416.0
FR101,Paris,2016,2190327.0
FRD22,Seine-Maritime,2016,1255755.0
FR102,Seine-et-Marne,2016,1397665.0
FR103,Yvelines,2016,1431808.0
FRI33,Deux-Sèvres,2016,374743.0
FRE23,Somme,2016,572744.0
FRJ27,Tarn,2016,386448.0
FRJ28,Tarn-et-Garonne,2016,256897.0
FRL05,Var,2016,1055821.0
FRL06,Vaucluse,2016,559014.0
FRG05,Vendée,2016,670597.0
FRI34,Vienne,2016,436069.0
FRI23,Haute-Vienne,2016,374978.0
FRF34,Vosges,2016,369641.0
FRC14,Yonne,2016,340544.0
FRC24,Territoire de Belfort,2016,144089.0
FR104,Essonne,2016,1287330.0
FR105,Hauts-de-Seine,2016,1603268.0
FR106,Seine-Saint-Denis,2016,1606660.0
FR107,Val-de-Marne,2016,1378151.0
FR108,Val-dOise,2016,1221923.0
FRY10,Guadeloupe,2016,390253.0
FRY20,Martinique,2016,372594.0
FRY30,Guyane,2016,268700.0
FRY40,La Réunion,2016,853659.0
FRK21,Ain,2017,643350.0
FRE21,Aisne,2017,534490.0
FRK11,Allier,2017,337988.0
FRL01,Alpes-de-Haute-Provence,2017,163915.0
FRL02,Hautes-Alpes,2017,141284.0
FRL03,Alpes-Maritimes,2017,1083310.0
FRK22,Ardèche,2017,325712.0
FRF21,Ardennes,2017,273579.0
FRJ21,Ariège,2017,153153.0
FRF22,Aube,2017,310020.0
FRJ11,Aude,2017,370260.0
FRJ22,Aveyron,2017,279206.0
FRL04,Bouches-du-Rhône,2017,2024162.0
FRD11,Calvados,2017,694002.0
FRK12,Cantal,2017,145143.0
FRI31,Charente,2017,352335.0
FRI32,Charente-Maritime,2017,644303.0
FRB01,Cher,2017,304256.0
FRI21,Corrèze,2017,241464.0
FRC11,Côte-dOr,2017,533819.0
FRH01,Côtes-dArmor,2017,598814.0
FRI22,Creuse,2017,118638.0
FRI11,Dordogne,2017,413606.0
FRC21,Doubs,2017,539067.0
FRK23,Drôme,2017,511553.0
FRD21,Eure,2017,601843.0
FRB02,Eure-et-Loir,2017,433233.0
FRH02,Finistère,2017,909028.0
FRM01,Corse-du-Sud,2017,157249.0
FRM02,Haute-Corse,2017,177689.0
FRJ12,Gard,2017,744178.0
FRJ23,Haute-Garonne,2017,1362672.0
FRJ24,Gers,2017,191091.0
FRI12,Gironde,2017,1583384.0
FRJ13,Hérault,2017,1144892.0
FRH03,Ille-et-Vilaine,2017,1060199.0
FRB03,Indre,2017,222232.0
FRB04,Indre-et-Loire,2017,606511.0
FRK24,Isère,2017,1258722.0
FRC22,Jura,2017,260188.0
FRI13,Landes,2017,407444.0
FRB05,Loir-et-Cher,2017,331915.0
FRK25,Loire,2017,762941.0
FRK13,Haute-Loire,2017,227283.0
FRG01,Loire-Atlantique,2017,1394909.0
FRB06,Loiret,2017,678105.0
FRJ25,Lot,2017,173828.0
FRI14,Lot-et-Garonne,2017,332842.0
FRJ14,Lozère,2017,76601.0
FRG02,Maine-et-Loire,2017,813493.0
FRD12,Manche,2017,496883.0
FRF23,Marne,2017,568895.0
FRF24,Haute-Marne,2017,175640.0
FRG03,Mayenne,2017,307445.0
FRF31,Meurthe-et-Moselle,2017,733481.0
FRF32,Meuse,2017,187187.0
FRH04,Morbihan,2017,750863.0
FRF33,Moselle,2017,1043522.0
FRC12,Nièvre,2017,207182.0
FRE11,Nord,2017,2604361.0
FRE22,Oise,2017,824503.0
FRD13,Orne,2017,283372.0
FRE12,Pas-de-Calais,2017,1468018.0
FRK14,Puy-de-Dôme,2017,653742.0
FRI15,Pyrénées-Atlantiques,2017,677309.0
FRJ26,Hautes-Pyrénées,2017,228530.0
FRJ15,Pyrénées-Orientales,2017,474452.0
FRF11,Bas-Rhin,2017,1125559.0
FRF12,Haut-Rhin,2017,764030.0
FRK26,Rhône,2017,1843319.0
FRC23,Haute-Saône,2017,236659.0
FRC13,Saône-et-Loire,2017,553595.0
FRG04,Sarthe,2017,566506.0
FRK27,Savoie,2017,431174.0
FRK28,Haute-Savoie,2017,807360.0
FR101,Paris,2017,2187526.0
FRD22,Seine-Maritime,2017,1254378.0
FR102,Seine-et-Marne,2017,1403997.0
FR103,Yvelines,2017,1438266.0
FRI33,Deux-Sèvres,2017,374351.0
FRE23,Somme,2017,572443.0
FRJ27,Tarn,2017,387890.0
FRJ28,Tarn-et-Garonne,2017,258349.0
FRL05,Var,2017,1058740.0
FRL06,Vaucluse,2017,559479.0
FRG05,Vendée,2017,675247.0
FRI34,Vienne,2017,436876.0
FRI23,Haute-Vienne,2017,374426.0
FRF34,Vosges,2017,367673.0
FRC14,Yonne,2017,338291.0
FRC24,Territoire de Belfort,2017,142622.0
FR104,Essonne,2017,1296130.0
FR105,Hauts-de-Seine,2017,1609306.0
FR106,Seine-Saint-Denis,2017,1623111.0
FR107,Val-de-Marne,2017,1387926.0
FR108,Val-dOise,2017,1228618.0
FRY10,Guadeloupe,2017,387629.0
FRY20,Martinique,2017,368783.0
FRY30,Guyane,2017,276128.0
FRY40,La Réunion,2017,855961.0
FRK21,Ain,2018,647634.0
FRE21,Aisne,2018,533316.0
FRK11,Allier,2018,337171.0
FRL01,Alpes-de-Haute-Provence,2018,164068.0
FRL02,Hautes-Alpes,2018,140698.0
FRL03,Alpes-Maritimes,2018,1086219.0
FRK22,Ardèche,2018,326606.0
FRF21,Ardennes,2018,271845.0
FRJ21,Ariège,2018,153066.0
FRF22,Aube,2018,310020.0
FRJ11,Aude,2018,372806.0
FRJ22,Aveyron,2018,279274.0
FRL04,Bouches-du-Rhône,2018,2034357.0
FRD11,Calvados,2018,694056.0
FRK12,Cantal,2018,144765.0
FRI31,Charente,2018,351778.0
FRI32,Charente-Maritime,2018,646932.0
FRB01,Cher,2018,303408.0
FRI21,Corrèze,2018,240583.0
FRC11,Côte-dOr,2018,533220.0
FRH01,Côtes-dArmor,2018,599584.0
FRI22,Creuse,2018,117503.0
FRI11,Dordogne,2018,413418.0
FRC21,Doubs,2018,541454.0
FRK23,Drôme,2018,514732.0
FRD21,Eure,2018,599962.0
FRB02,Eure-et-Loir,2018,431997.0
FRH02,Finistère,2018,911735.0
FRM01,Corse-du-Sud,2018,157853.0
FRM02,Haute-Corse,2018,180701.0
FRJ12,Gard,2018,745458.0
FRJ23,Haute-Garonne,2018,1380672.0
FRJ24,Gers,2018,191283.0
FRI12,Gironde,2018,1601845.0
FRJ13,Hérault,2018,1159220.0
FRH03,Ille-et-Vilaine,2018,1069228.0
FRB03,Indre,2018,220595.0
FRB04,Indre-et-Loire,2018,607760.0
FRK24,Isère,2018,1263563.0
FRC22,Jura,2018,259746.0
FRI13,Landes,2018,410355.0
FRB05,Loir-et-Cher,2018,330248.0
FRK25,Loire,2018,763441.0
FRK13,Haute-Loire,2018,227552.0
FRG01,Loire-Atlantique,2018,1412502.0
FRB06,Loiret,2018,678845.0
FRJ25,Lot,2018,173929.0
FRI14,Lot-et-Garonne,2018,331970.0
FRJ14,Lozère,2018,76520.0
FRG02,Maine-et-Loire,2018,815883.0
FRD12,Manche,2018,495983.0
FRF23,Marne,2018,567462.0
FRF24,Haute-Marne,2018,174069.0
FRG03,Mayenne,2018,307084.0
FRF31,Meurthe-et-Moselle,2018,733469.0
FRF32,Meuse,2018,185355.0
FRH04,Morbihan,2018,754867.0
FRF33,Moselle,2018,1043524.0
FRC12,Nièvre,2018,205828.0
FRE11,Nord,2018,2606234.0
FRE22,Oise,2018,827153.0
FRD13,Orne,2018,281593.0
FRE12,Pas-de-Calais,2018,1466743.0
FRK14,Puy-de-Dôme,2018,659048.0
FRI15,Pyrénées-Atlantiques,2018,679810.0
FRJ26,Hautes-Pyrénées,2018,229191.0
FRJ15,Pyrénées-Orientales,2018,476357.0
FRF11,Bas-Rhin,2018,1133552.0
FRF12,Haut-Rhin,2018,764981.0
FRK26,Rhône,2018,1859524.0
FRC23,Haute-Saône,2018,236018.0
FRC13,Saône-et-Loire,2018,552185.0
FRG04,Sarthe,2018,565963.0
FRK27,Savoie,2018,433724.0
FRK28,Haute-Savoie,2018,816699.0
FR101,Paris,2018,2175601.0
FRD22,Seine-Maritime,2018,1255883.0
FR102,Seine-et-Marne,2018,1412516.0
FR103,Yvelines,2018,1441398.0
FRI33,Deux-Sèvres,2018,374799.0
FRE23,Somme,2018,570662.0
FRJ27,Tarn,2018,388596.0
FRJ28,Tarn-et-Garonne,2018,259124.0
FRL05,Var,2018,1067697.0
FRL06,Vaucluse,2018,559793.0
FRG05,Vendée,2018,679991.0
FRI34,Vienne,2018,437586.0
FRI23,Haute-Vienne,2018,373199.0
FRF34,Vosges,2018,366112.0
FRC14,Yonne,2018,337504.0
FRC24,Territoire de Belfort,2018,141852.0
FR104,Essonne,2018,1296641.0
FR105,Hauts-de-Seine,2018,1619120.0
FR106,Seine-Saint-Denis,2018,1632677.0
FR107,Val-de-Marne,2018,1396913.0
FR108,Val-dOise,2018,1238581.0
FRY10,Guadeloupe,2018,
FRY20,Martinique,2018,
FRY30,Guyane,2018,
FRY40,La Réunion,2018,
