statisticalAreaCode,statisticalArea,source,useful,year,population
DE11,Stuttgart,Roses-Wolf,1,1871,
DE12,Karlsruhe,Roses-Wolf,1,1871,
DE13,Freiburg,Roses-Wolf,1,1871,
DE14,Tübingen,Roses-Wolf,1,1871,
DE21,Oberbayern,Roses-Wolf,1,1871,
DE22,Niederbayern,Roses-Wolf,1,1871,
DE23,Oberpfalz,Roses-Wolf,1,1871,
DE24,Oberfranken,Roses-Wolf,1,1871,
DE25,Mittelfranken,Roses-Wolf,1,1871,
DE26,Unterfranken,Roses-Wolf,1,1871,
DE27,Schwaben,Roses-Wolf,1,1871,
DE30,Berlin,Roses-Wolf,1,1871,
DE40,Brandenburg,Roses-Wolf,1,1871,
DE50,Bremen,Roses-Wolf,1,1871,
DE60,Hamburg,Roses-Wolf,1,1871,
DE71+DE72,Darmstadt and Gießen,Roses-Wolf,1,1871,
DE73,Kassel,Roses-Wolf,1,1871,
DE80,Mecklenburg-Vorpommern,Roses-Wolf,1,1871,
DE91+DE92,Braunschweig und Hannover,Roses-Wolf,1,1871,
DE93,Lüneburg,Roses-Wolf,1,1871,
DE94,Weser-Ems,Roses-Wolf,1,1871,
DEA1,Düsseldorf,Roses-Wolf,1,1871,
DEA2,Köln,Roses-Wolf,1,1871,
DEA3,Münster,Roses-Wolf,1,1871,
DEA4,Detmold,Roses-Wolf,1,1871,
DEA5,Arnsberg,Roses-Wolf,1,1871,
DEB1,Koblenz,Roses-Wolf,1,1871,
DEB2,Trier,Roses-Wolf,1,1871,
DEB3,Rheinhessen-Pfalz,Roses-Wolf,1,1871,
DEC0,Saarland,Roses-Wolf,1,1871,
DED2,Dresden,Roses-Wolf,1,1871,
DED4,Chemnitz,Roses-Wolf,1,1871,
DED5,Leipzig,Roses-Wolf,1,1871,
DEE0,Sachsen-Anhalt,Roses-Wolf,1,1871,
DEF0,Schleswig-Holstein,Roses-Wolf,1,1871,
DEG0,Thüringen,Roses-Wolf,1,1871,
DE1,Baden-Württemberg,Tacite,1,1871,3281000.0
DE2,Bavaria,Tacite,1,1871,4863000.0
DE3,Berlin,Tacite,1,1871,1680000.0
DE4,Brandenburg,Tacite,1,1871,1120000.0
DE5,Bremen,Tacite,1,1871,122000.0
DE6,Hamburg,Tacite,1,1871,339000.0
DE7,Hessen,Tacite,1,1871,1400000.0
DE8,Mecklenburg-Vorpommern,Tacite & Wiki,1,1871,1080000.0
DE9,Niedersachsen,Tacite,1,1871,
DEA,Nordrhein-Westfalen,Tacite,1,1871,4140000.0
DEB,Rheinland-Pfalz,Tacite,1,1871,1440000.0
DEC,Saarland,Tacite & Daric(1955),1,1871,287000.0
DED,Sachsen-Anhalt,Tacite,1,1871,
DEE,Saxony,Tacite,1,1871,2556000.0
DEF,Schleswig-Holstein,Tacite,1,1871,1000000.0
DEG,Thuringia,Tacite,1,1871,1067000.0
,Baden,Tacite,0,1871,1462000.0
,Berlin,Tacite,0,1871,800000.0
,Brandenburg,Tacite,0,1871,2000000.0
,East Berlin,Tacite,0,1871,
,Mecklenburg,Tacite,0,1871,655000.0
,Rheinland,Tacite,0,1871,3600000.0
,Vorpommern,Wiki,0,1871,1431633.0
,West Berlin,Tacite,0,1871,
,Westfalen,Tacite,0,1871,1800000.0
,Württemberg,Tacite,0,1871,1819000.0
DE11,Stuttgart,Roses-Wolf,1,1880,
DE12,Karlsruhe,Roses-Wolf,1,1880,
DE13,Freiburg,Roses-Wolf,1,1880,
DE14,Tübingen,Roses-Wolf,1,1880,
DE21,Oberbayern,Roses-Wolf,1,1880,
DE22,Niederbayern,Roses-Wolf,1,1880,
DE23,Oberpfalz,Roses-Wolf,1,1880,
DE24,Oberfranken,Roses-Wolf,1,1880,
DE25,Mittelfranken,Roses-Wolf,1,1880,
DE26,Unterfranken,Roses-Wolf,1,1880,
DE27,Schwaben,Roses-Wolf,1,1880,
DE30,Berlin,Roses-Wolf,1,1880,
DE40,Brandenburg,Roses-Wolf,1,1880,
DE50,Bremen,Roses-Wolf,1,1880,
DE60,Hamburg,Roses-Wolf,1,1880,
DE71+DE72,Darmstadt and Gießen,Roses-Wolf,1,1880,
DE73,Kassel,Roses-Wolf,1,1880,
DE80,Mecklenburg-Vorpommern,Roses-Wolf,1,1880,
DE91+DE92,Braunschweig und Hannover,Roses-Wolf,1,1880,
DE93,Lüneburg,Roses-Wolf,1,1880,
DE94,Weser-Ems,Roses-Wolf,1,1880,
DEA1,Düsseldorf,Roses-Wolf,1,1880,
DEA2,Köln,Roses-Wolf,1,1880,
DEA3,Münster,Roses-Wolf,1,1880,
DEA4,Detmold,Roses-Wolf,1,1880,
DEA5,Arnsberg,Roses-Wolf,1,1880,
DEB1,Koblenz,Roses-Wolf,1,1880,
DEB2,Trier,Roses-Wolf,1,1880,
DEB3,Rheinhessen-Pfalz,Roses-Wolf,1,1880,
DEC0,Saarland,Roses-Wolf,1,1880,
DED2,Dresden,Roses-Wolf,1,1880,
DED4,Chemnitz,Roses-Wolf,1,1880,
DED5,Leipzig,Roses-Wolf,1,1880,
DEE0,Sachsen-Anhalt,Roses-Wolf,1,1880,
DEF0,Schleswig-Holstein,Roses-Wolf,1,1880,
DEG0,Thüringen,Roses-Wolf,1,1880,
DE1,Baden-Württemberg,Tacite,1,1880,3541000.0
DE2,Bavaria,Tacite,1,1880,5285000.0
DE3,Berlin,Tacite,1,1880,2110000.0
DE4,Brandenburg,Tacite,1,1880,1290000.0
DE5,Bremen,Tacite,1,1880,157000.0
DE6,Hamburg,Tacite,1,1880,454000.0
DE7,Hessen,Tacite,1,1880,1600000.0
DE8,Mecklenburg-Vorpommern,Tacite & Wiki,1,1880,1140000.0
DE9,Niedersachsen,Tacite,1,1880,
DEA,Nordrhein-Westfalen,Tacite,1,1880,4600000.0
DEB,Rheinland-Pfalz,Tacite,1,1880,1640000.0
DEC,Saarland,Tacite & Daric(1955),1,1880,
DED,Sachsen-Anhalt,Tacite,1,1880,
DEE,Saxony,Tacite,1,1880,2973000.0
DEF,Schleswig-Holstein,Tacite,1,1880,1100000.0
DEG,Thuringia,Tacite,1,1880,1170000.0
,Baden,Tacite,0,1880,1570000.0
,Berlin,Tacite,0,1880,1100000.0
,Brandenburg,Tacite,0,1880,2300000.0
,East Berlin,Tacite,0,1880,
,Mecklenburg,Tacite,0,1880,677000.0
,Rheinland,Tacite,0,1880,4100000.0
,Vorpommern,Wiki,0,1880,1540034.0
,West Berlin,Tacite,0,1880,
,Westfalen,Tacite,0,1880,2000000.0
,Württemberg,Tacite,0,1880,1971000.0
DE11,Stuttgart,Roses-Wolf,1,1890,
DE12,Karlsruhe,Roses-Wolf,1,1890,
DE13,Freiburg,Roses-Wolf,1,1890,
DE14,Tübingen,Roses-Wolf,1,1890,
DE21,Oberbayern,Roses-Wolf,1,1890,
DE22,Niederbayern,Roses-Wolf,1,1890,
DE23,Oberpfalz,Roses-Wolf,1,1890,
DE24,Oberfranken,Roses-Wolf,1,1890,
DE25,Mittelfranken,Roses-Wolf,1,1890,
DE26,Unterfranken,Roses-Wolf,1,1890,
DE27,Schwaben,Roses-Wolf,1,1890,
DE30,Berlin,Roses-Wolf,1,1890,
DE40,Brandenburg,Roses-Wolf,1,1890,
DE50,Bremen,Roses-Wolf,1,1890,
DE60,Hamburg,Roses-Wolf,1,1890,
DE71+DE72,Darmstadt and Gießen,Roses-Wolf,1,1890,
DE73,Kassel,Roses-Wolf,1,1890,
DE80,Mecklenburg-Vorpommern,Roses-Wolf,1,1890,
DE91+DE92,Braunschweig und Hannover,Roses-Wolf,1,1890,
DE93,Lüneburg,Roses-Wolf,1,1890,
DE94,Weser-Ems,Roses-Wolf,1,1890,
DEA1,Düsseldorf,Roses-Wolf,1,1890,
DEA2,Köln,Roses-Wolf,1,1890,
DEA3,Münster,Roses-Wolf,1,1890,
DEA4,Detmold,Roses-Wolf,1,1890,
DEA5,Arnsberg,Roses-Wolf,1,1890,
DEB1,Koblenz,Roses-Wolf,1,1890,
DEB2,Trier,Roses-Wolf,1,1890,
DEB3,Rheinhessen-Pfalz,Roses-Wolf,1,1890,
DEC0,Saarland,Roses-Wolf,1,1890,
DED2,Dresden,Roses-Wolf,1,1890,
DED4,Chemnitz,Roses-Wolf,1,1890,
DED5,Leipzig,Roses-Wolf,1,1890,
DEE0,Sachsen-Anhalt,Roses-Wolf,1,1890,
DEF0,Schleswig-Holstein,Roses-Wolf,1,1890,
DEG0,Thüringen,Roses-Wolf,1,1890,
DE1,Baden-Württemberg,Tacite,1,1890,3695000.0
DE2,Bavaria,Tacite,1,1890,5595000.0
DE3,Berlin,Tacite,1,1890,2700000.0
DE4,Brandenburg,Tacite,1,1890,1400000.0
DE5,Bremen,Tacite,1,1890,18000.0
DE6,Hamburg,Tacite,1,1890,623000.0
DE7,Hessen,Tacite,1,1890,1700000.0
DE8,Mecklenburg-Vorpommern,Tacite & Wiki,1,1890,1130000.0
DE9,Niedersachsen,Tacite,1,1890,
DEA,Nordrhein-Westfalen,Tacite,1,1890,5520000.0
DEB,Rheinland-Pfalz,Tacite,1,1890,1880000.0
DEC,Saarland,Tacite & Daric(1955),1,1890,397000.0
DED,Sachsen-Anhalt,Tacite,1,1890,
DEE,Saxony,Tacite,1,1890,3503000.0
DEF,Schleswig-Holstein,Tacite,1,1890,1200000.0
DEG,Thuringia,Tacite,1,1890,1272000.0
,Baden,Tacite,0,1890,1658000.0
,Berlin,Tacite,0,1890,1600000.0
,Brandenburg,Tacite,0,1890,2500000.0
,East Berlin,Tacite,0,1890,
,Mecklenburg,Tacite,0,1890,676000.0
,Rheinland,Tacite,0,1890,4700000.0
,Vorpommern,Wiki,0,1890,1520889.0
,West Berlin,Tacite,0,1890,
,Westfalen,Tacite,0,1890,2400000.0
,Württemberg,Tacite,0,1890,2037000.0
DE11,Stuttgart,Roses-Wolf,1,1900,1313000.0
DE12,Karlsruhe,Roses-Wolf,1,1900,840000.0
DE13,Freiburg,Roses-Wolf,1,1900,903000.0
DE14,Tübingen,Roses-Wolf,1,1900,799000.0
DE21,Oberbayern,Roses-Wolf,1,1900,1249000.0
DE22,Niederbayern,Roses-Wolf,1,1900,682000.0
DE23,Oberpfalz,Roses-Wolf,1,1900,557000.0
DE24,Oberfranken,Roses-Wolf,1,1900,674000.0
DE25,Mittelfranken,Roses-Wolf,1,1900,787000.0
DE26,Unterfranken,Roses-Wolf,1,1900,657000.0
DE27,Schwaben,Roses-Wolf,1,1900,754000.0
DE30,Berlin,Roses-Wolf,1,1900,2605000.0
DE40,Brandenburg,Roses-Wolf,1,1900,1729000.0
DE50,Bremen,Roses-Wolf,1,1900,222000.0
DE60,Hamburg,Roses-Wolf,1,1900,969000.0
DE71+DE72,Darmstadt and Gießen,Roses-Wolf,1,1900,1791000.0
DE73,Kassel,Roses-Wolf,1,1900,709000.0
DE80,Mecklenburg-Vorpommern,Roses-Wolf,1,1900,1357000.0
DE91+DE92,Braunschweig und Hannover,Roses-Wolf,1,1900,1676000.0
DE93,Lüneburg,Roses-Wolf,1,1900,808000.0
DE94,Weser-Ems,Roses-Wolf,1,1900,883000.0
DEA1,Düsseldorf,Roses-Wolf,1,1900,2518000.0
DEA2,Köln,Roses-Wolf,1,1900,1558000.0
DEA3,Münster,Roses-Wolf,1,1900,729000.0
DEA4,Detmold,Roses-Wolf,1,1900,760000.0
DEA5,Arnsberg,Roses-Wolf,1,1900,1721000.0
DEB1,Koblenz,Roses-Wolf,1,1900,883000.0
DEB2,Trier,Roses-Wolf,1,1900,352000.0
DEB3,Rheinhessen-Pfalz,Roses-Wolf,1,1900,1060000.0
DEC0,Saarland,Roses-Wolf,1,1900,543000.0
DED2,Dresden,Roses-Wolf,1,1900,1502000.0
DED4,Chemnitz,Roses-Wolf,1,1900,1830000.0
DED5,Leipzig,Roses-Wolf,1,1900,1022000.0
DEE0,Sachsen-Anhalt,Roses-Wolf,1,1900,2672000.0
DEF0,Schleswig-Holstein,Roses-Wolf,1,1900,1210000.0
DEG0,Thüringen,Roses-Wolf,1,1900,1881000.0
DE1,Baden-Württemberg,Tacite,1,1900,4037000.0
DE2,Bavaria,Tacite,1,1900,6176000.0
DE3,Berlin,Tacite,1,1900,3260000.0
DE4,Brandenburg,Tacite,1,1900,1740000.0
DE5,Bremen,Tacite,1,1900,225000.0
DE6,Hamburg,Tacite,1,1900,768000.0
DE7,Hessen,Tacite,1,1900,1900000.0
DE8,Mecklenburg-Vorpommern,Tacite & Wiki,1,1900,1200000.0
DE9,Niedersachsen,Tacite,1,1900,
DEA,Nordrhein-Westfalen,Tacite,1,1900,7360000.0
DEB,Rheinland-Pfalz,Tacite,1,1900,2320000.0
DEC,Saarland,Tacite & Daric(1955),1,1900,512000.0
DED,Sachsen-Anhalt,Tacite,1,1900,
DEE,Saxony,Tacite,1,1900,4202000.0
DEF,Schleswig-Holstein,Tacite,1,1900,1400000.0
DEG,Thuringia,Tacite,1,1900,1420000.0
,Baden,Tacite,0,1900,1868000.0
,Berlin,Tacite,0,1900,1900000.0
,Brandenburg,Tacite,0,1900,3100000.0
,East Berlin,Tacite,0,1900,
,Mecklenburg,Tacite,0,1900,711000.0
,Rheinland,Tacite,0,1900,5800000.0
,Vorpommern,Wiki,0,1900,1634832.0
,West Berlin,Tacite,0,1900,
,Westfalen,Tacite,0,1900,3200000.0
,Württemberg,Tacite,0,1900,2169000.0
DE11,Stuttgart,Roses-Wolf,1,1910,1494000.0
DE12,Karlsruhe,Roses-Wolf,1,1910,1048000.0
DE13,Freiburg,Roses-Wolf,1,1910,1027000.0
DE14,Tübingen,Roses-Wolf,1,1910,895000.0
DE21,Oberbayern,Roses-Wolf,1,1910,1467000.0
DE22,Niederbayern,Roses-Wolf,1,1910,711000.0
DE23,Oberpfalz,Roses-Wolf,1,1910,587000.0
DE24,Oberfranken,Roses-Wolf,1,1910,736000.0
DE25,Mittelfranken,Roses-Wolf,1,1910,924000.0
DE26,Unterfranken,Roses-Wolf,1,1910,715000.0
DE27,Schwaben,Roses-Wolf,1,1910,825000.0
DE30,Berlin,Roses-Wolf,1,1910,3632000.0
DE40,Brandenburg,Roses-Wolf,1,1910,1879000.0
DE50,Bremen,Roses-Wolf,1,1910,298000.0
DE60,Hamburg,Roses-Wolf,1,1910,1256000.0
DE71+DE72,Darmstadt and Gießen,Roses-Wolf,1,1910,2169000.0
DE73,Kassel,Roses-Wolf,1,1910,790000.0
DE80,Mecklenburg-Vorpommern,Roses-Wolf,1,1910,1431000.0
DE91+DE92,Braunschweig und Hannover,Roses-Wolf,1,1910,1901000.0
DE93,Lüneburg,Roses-Wolf,1,1910,916000.0
DE94,Weser-Ems,Roses-Wolf,1,1910,1009000.0
DEA1,Düsseldorf,Roses-Wolf,1,1910,3419000.0
DEA2,Köln,Roses-Wolf,1,1910,1869000.0
DEA3,Münster,Roses-Wolf,1,1910,1019000.0
DEA4,Detmold,Roses-Wolf,1,1910,879000.0
DEA5,Arnsberg,Roses-Wolf,1,1910,2368000.0
DEB1,Koblenz,Roses-Wolf,1,1910,974000.0
DEB2,Trier,Roses-Wolf,1,1910,388000.0
DEB3,Rheinhessen-Pfalz,Roses-Wolf,1,1910,1197000.0
DEC0,Saarland,Roses-Wolf,1,1910,710000.0
DED2,Dresden,Roses-Wolf,1,1910,1778000.0
DED4,Chemnitz,Roses-Wolf,1,1910,2106000.0
DED5,Leipzig,Roses-Wolf,1,1910,1230000.0
DEE0,Sachsen-Anhalt,Roses-Wolf,1,1910,2924000.0
DEF0,Schleswig-Holstein,Roses-Wolf,1,1910,1388000.0
DEG0,Thüringen,Roses-Wolf,1,1910,2116000.0
DE1,Baden-Württemberg,Tacite,1,1910,4581000.0
DE2,Bavaria,Tacite,1,1910,6887000.0
DE3,Berlin,Tacite,1,1910,3700000.0
DE4,Brandenburg,Tacite,1,1910,2400000.0
DE5,Bremen,Tacite,1,1910,300000.0
DE6,Hamburg,Tacite,1,1910,1015000.0
DE7,Hessen,Tacite,1,1910,2300000.0
DE8,Mecklenburg-Vorpommern,Tacite & Wiki,1,1910,1260000.0
DE9,Niedersachsen,Tacite,1,1910,
DEA,Nordrhein-Westfalen,Tacite,1,1910,9430000.0
DEB,Rheinland-Pfalz,Tacite,1,1910,2600000.0
DEC,Saarland,Tacite & Daric(1955),1,1910,652000.0
DED,Sachsen-Anhalt,Tacite,1,1910,
DEE,Saxony,Tacite,1,1910,4807000.0
DEF,Schleswig-Holstein,Tacite,1,1910,1500000.0
DEG,Thuringia,Tacite,1,1910,1586000.0
,Baden,Tacite,0,1910,2143000.0
,Berlin,Tacite,0,1910,
,Brandenburg,Tacite,0,1910,
,East Berlin,Tacite,0,1910,
,Mecklenburg,Tacite,0,1910,746000.0
,Rheinland,Tacite,0,1910,6500000.0
,Vorpommern,Wiki,0,1910,1716921.0
,West Berlin,Tacite,0,1910,
,Westfalen,Tacite,0,1910,4100000.0
,Württemberg,Tacite,0,1910,2438000.0
DE11,Stuttgart,Roses-Wolf,1,1925,1686000.0
DE12,Karlsruhe,Roses-Wolf,1,1925,1194000.0
DE13,Freiburg,Roses-Wolf,1,1925,1118000.0
DE14,Tübingen,Roses-Wolf,1,1925,966000.0
DE21,Oberbayern,Roses-Wolf,1,1925,1664000.0
DE22,Niederbayern,Roses-Wolf,1,1925,756000.0
DE23,Oberpfalz,Roses-Wolf,1,1925,629000.0
DE24,Oberfranken,Roses-Wolf,1,1925,758000.0
DE25,Mittelfranken,Roses-Wolf,1,1925,998000.0
DE26,Unterfranken,Roses-Wolf,1,1925,763000.0
DE27,Schwaben,Roses-Wolf,1,1925,880000.0
DE30,Berlin,Roses-Wolf,1,1925,4024000.0
DE40,Brandenburg,Roses-Wolf,1,1925,2049000.0
DE50,Bremen,Roses-Wolf,1,1925,411000.0
DE60,Hamburg,Roses-Wolf,1,1925,1483000.0
DE71+DE72,Darmstadt and Gießen,Roses-Wolf,1,1925,2317000.0
DE73,Kassel,Roses-Wolf,1,1925,867000.0
DE80,Mecklenburg-Vorpommern,Roses-Wolf,1,1925,1516000.0
DE91+DE92,Braunschweig und Hannover,Roses-Wolf,1,1925,1977000.0
DE93,Lüneburg,Roses-Wolf,1,1925,876000.0
DE94,Weser-Ems,Roses-Wolf,1,1925,1162000.0
DEA1,Düsseldorf,Roses-Wolf,1,1925,3866000.0
DEA2,Köln,Roses-Wolf,1,1925,2123000.0
DEA3,Münster,Roses-Wolf,1,1925,1492000.0
DEA4,Detmold,Roses-Wolf,1,1925,970000.0
DEA5,Arnsberg,Roses-Wolf,1,1925,2513000.0
DEB1,Koblenz,Roses-Wolf,1,1925,1006000.0
DEB2,Trier,Roses-Wolf,1,1925,417000.0
DEB3,Rheinhessen-Pfalz,Roses-Wolf,1,1925,1316000.0
DEC0,Saarland,Roses-Wolf,1,1925,805000.0
DED2,Dresden,Roses-Wolf,1,1925,1831000.0
DED4,Chemnitz,Roses-Wolf,1,1925,2163000.0
DED5,Leipzig,Roses-Wolf,1,1925,1307000.0
DEE0,Sachsen-Anhalt,Roses-Wolf,1,1925,3058000.0
DEF0,Schleswig-Holstein,Roses-Wolf,1,1925,1470000.0
DEG0,Thüringen,Roses-Wolf,1,1925,1905000.0
DE1,Baden-Württemberg,Tacite,1,1925,4892000.0
DE2,Bavaria,Tacite,1,1925,7380000.0
DE3,Berlin,Tacite,1,1925,4000000.0
DE4,Brandenburg,Tacite,1,1925,2600000.0
DE5,Bremen,Tacite,1,1925,339000.0
DE6,Hamburg,Tacite,1,1925,1153000.0
DE7,Hessen,Tacite,1,1925,2500000.0
DE8,Mecklenburg-Vorpommern,Tacite & Wiki,1,1925,1350000.0
DE9,Niedersachsen,Tacite,1,1925,
DEA,Nordrhein-Westfalen,Tacite,1,1925,11040000.0
DEB,Rheinland-Pfalz,Tacite,1,1925,2880000.0
DEC,Saarland,Tacite & Daric(1955),1,1925,770000.0
DED,Sachsen-Anhalt,Tacite,1,1925,
DEE,Saxony,Tacite,1,1925,4994000.0
DEF,Schleswig-Holstein,Tacite,1,1925,1500000.0
DEG,Thuringia,Tacite,1,1925,1607000.0
,Baden,Tacite,0,1925,2312000.0
,Berlin,Tacite,0,1925,
,Brandenburg,Tacite,0,1925,
,East Berlin,Tacite,0,1925,
,Mecklenburg,Tacite,0,1925,784000.0
,Rheinland,Tacite,0,1925,7200000.0
,Vorpommern,Wiki,0,1925,1878780.0
,West Berlin,Tacite,0,1925,
,Westfalen,Tacite,0,1925,4800000.0
,Württemberg,Tacite,0,1925,2580000.0
DE11,Stuttgart,Roses-Wolf,1,1933,
DE12,Karlsruhe,Roses-Wolf,1,1933,
DE13,Freiburg,Roses-Wolf,1,1933,
DE14,Tübingen,Roses-Wolf,1,1933,
DE21,Oberbayern,Roses-Wolf,1,1933,
DE22,Niederbayern,Roses-Wolf,1,1933,
DE23,Oberpfalz,Roses-Wolf,1,1933,
DE24,Oberfranken,Roses-Wolf,1,1933,
DE25,Mittelfranken,Roses-Wolf,1,1933,
DE26,Unterfranken,Roses-Wolf,1,1933,
DE27,Schwaben,Roses-Wolf,1,1933,
DE30,Berlin,Roses-Wolf,1,1933,
DE40,Brandenburg,Roses-Wolf,1,1933,
DE50,Bremen,Roses-Wolf,1,1933,
DE60,Hamburg,Roses-Wolf,1,1933,
DE71+DE72,Darmstadt and Gießen,Roses-Wolf,1,1933,
DE73,Kassel,Roses-Wolf,1,1933,
DE80,Mecklenburg-Vorpommern,Roses-Wolf,1,1933,
DE91+DE92,Braunschweig und Hannover,Roses-Wolf,1,1933,
DE93,Lüneburg,Roses-Wolf,1,1933,
DE94,Weser-Ems,Roses-Wolf,1,1933,
DEA1,Düsseldorf,Roses-Wolf,1,1933,
DEA2,Köln,Roses-Wolf,1,1933,
DEA3,Münster,Roses-Wolf,1,1933,
DEA4,Detmold,Roses-Wolf,1,1933,
DEA5,Arnsberg,Roses-Wolf,1,1933,
DEB1,Koblenz,Roses-Wolf,1,1933,
DEB2,Trier,Roses-Wolf,1,1933,
DEB3,Rheinhessen-Pfalz,Roses-Wolf,1,1933,
DEC0,Saarland,Roses-Wolf,1,1933,
DED2,Dresden,Roses-Wolf,1,1933,
DED4,Chemnitz,Roses-Wolf,1,1933,
DED5,Leipzig,Roses-Wolf,1,1933,
DEE0,Sachsen-Anhalt,Roses-Wolf,1,1933,
DEF0,Schleswig-Holstein,Roses-Wolf,1,1933,
DEG0,Thüringen,Roses-Wolf,1,1933,
DE1,Baden-Württemberg,Tacite,1,1933,5109000.0
DE2,Bavaria,Tacite,1,1933,7682000.0
DE3,Berlin,Tacite,1,1933,4200000.0
DE4,Brandenburg,Tacite,1,1933,2700000.0
DE5,Bremen,Tacite,1,1933,372000.0
DE6,Hamburg,Tacite,1,1933,1218000.0
DE7,Hessen,Tacite,1,1933,2600000.0
DE8,Mecklenburg-Vorpommern,Tacite & Wiki,1,1933,1380000.0
DE9,Niedersachsen,Tacite,1,1933,
DEA,Nordrhein-Westfalen,Tacite,1,1933,11500000.0
DEB,Rheinland-Pfalz,Tacite,1,1933,3040000.0
DEC,Saarland,Tacite & Daric(1955),1,1933,812000.0
DED,Sachsen-Anhalt,Tacite,1,1933,
DEE,Saxony,Tacite,1,1933,5197000.0
DEF,Schleswig-Holstein,Tacite,1,1933,1600000.0
DEG,Thuringia,Tacite,1,1933,1660000.0
,Baden,Tacite,0,1933,2413000.0
,Berlin,Tacite,0,1933,
,Brandenburg,Tacite,0,1933,
,East Berlin,Tacite,0,1933,
,Mecklenburg,Tacite,0,1933,805000.0
,Rheinland,Tacite,0,1933,7600000.0
,Vorpommern,Wiki,0,1933,1920897.0
,West Berlin,Tacite,0,1933,
,Westfalen,Tacite,0,1933,5000000.0
,Württemberg,Tacite,0,1933,2696000.0
DE11,Stuttgart,Roses-Wolf,1,1939,1860000.0
DE12,Karlsruhe,Roses-Wolf,1,1939,1317000.0
DE13,Freiburg,Roses-Wolf,1,1939,1234000.0
DE14,Tübingen,Roses-Wolf,1,1939,1066000.0
DE21,Oberbayern,Roses-Wolf,1,1939,1816000.0
DE22,Niederbayern,Roses-Wolf,1,1939,825000.0
DE23,Oberpfalz,Roses-Wolf,1,1939,687000.0
DE24,Oberfranken,Roses-Wolf,1,1939,827000.0
DE25,Mittelfranken,Roses-Wolf,1,1939,1089000.0
DE26,Unterfranken,Roses-Wolf,1,1939,832000.0
DE27,Schwaben,Roses-Wolf,1,1939,960000.0
DE30,Berlin,Roses-Wolf,1,1939,4322000.0
DE40,Brandenburg,Roses-Wolf,1,1939,2391000.0
DE50,Bremen,Roses-Wolf,1,1939,445000.0
DE60,Hamburg,Roses-Wolf,1,1939,1698000.0
DE71+DE72,Darmstadt and Gießen,Roses-Wolf,1,1939,2968000.0
DE73,Kassel,Roses-Wolf,1,1939,1111000.0
DE80,Mecklenburg-Vorpommern,Roses-Wolf,1,1939,1773000.0
DE91+DE92,Braunschweig und Hannover,Roses-Wolf,1,1939,2208000.0
DE93,Lüneburg,Roses-Wolf,1,1939,1110000.0
DE94,Weser-Ems,Roses-Wolf,1,1939,1265000.0
DEA1,Düsseldorf,Roses-Wolf,1,1939,4083000.0
DEA2,Köln,Roses-Wolf,1,1939,2242000.0
DEA3,Münster,Roses-Wolf,1,1939,1598000.0
DEA4,Detmold,Roses-Wolf,1,1939,1152000.0
DEA5,Arnsberg,Roses-Wolf,1,1939,3403000.0
DEB1,Koblenz,Roses-Wolf,1,1939,1062000.0
DEB2,Trier,Roses-Wolf,1,1939,440000.0
DEB3,Rheinhessen-Pfalz,Roses-Wolf,1,1939,1434000.0
DEC0,Saarland,Roses-Wolf,1,1939,824000.0
DED2,Dresden,Roses-Wolf,1,1939,1902000.0
DED4,Chemnitz,Roses-Wolf,1,1939,2259000.0
DED5,Leipzig,Roses-Wolf,1,1939,1358000.0
DEE0,Sachsen-Anhalt,Roses-Wolf,1,1939,3340000.0
DEF0,Schleswig-Holstein,Roses-Wolf,1,1939,1539000.0
DEG0,Thüringen,Roses-Wolf,1,1939,2034000.0
DE1,Baden-Württemberg,Tacite,1,1939,5500000.0
DE2,Bavaria,Tacite,1,1939,7100000.0
DE3,Berlin,Tacite,1,1939,4400000.0
DE4,Brandenburg,Tacite,1,1939,2500000.0
DE5,Bremen,Tacite,1,1939,600000.0
DE6,Hamburg,Tacite,1,1939,1700000.0
DE7,Hessen,Tacite,1,1939,3500000.0
DE8,Mecklenburg-Vorpommern,Tacite & Wiki,1,1939,1600000.0
DE9,Niedersachsen,Tacite,1,1939,4500000.0
DEA,Nordrhein-Westfalen,Tacite,1,1939,11900000.0
DEB,Rheinland-Pfalz,Tacite,1,1939,3000000.0
DEC,Saarland,Tacite & Daric(1955),1,1939,900000.0
DED,Sachsen-Anhalt,Tacite,1,1939,3100000.0
DEE,Saxony,Tacite,1,1939,5700000.0
DEF,Schleswig-Holstein,Tacite,1,1939,1600000.0
DEG,Thuringia,Tacite,1,1939,2300000.0
,Baden,Tacite,0,1939,
,Berlin,Tacite,0,1939,
,Brandenburg,Tacite,0,1939,
,East Berlin,Tacite,0,1939,1600000.0
,Mecklenburg,Tacite,0,1939,
,Rheinland,Tacite,0,1939,
,Vorpommern,Wiki,0,1939,
,West Berlin,Tacite,0,1939,2800000.0
,Westfalen,Tacite,0,1939,
,Württemberg,Tacite,0,1939,
DE11,Stuttgart,Roses-Wolf,1,1946,
DE12,Karlsruhe,Roses-Wolf,1,1946,
DE13,Freiburg,Roses-Wolf,1,1946,
DE14,Tübingen,Roses-Wolf,1,1946,
DE21,Oberbayern,Roses-Wolf,1,1946,
DE22,Niederbayern,Roses-Wolf,1,1946,
DE23,Oberpfalz,Roses-Wolf,1,1946,
DE24,Oberfranken,Roses-Wolf,1,1946,
DE25,Mittelfranken,Roses-Wolf,1,1946,
DE26,Unterfranken,Roses-Wolf,1,1946,
DE27,Schwaben,Roses-Wolf,1,1946,
DE30,Berlin,Roses-Wolf,1,1946,
DE40,Brandenburg,Roses-Wolf,1,1946,
DE50,Bremen,Roses-Wolf,1,1946,
DE60,Hamburg,Roses-Wolf,1,1946,
DE71+DE72,Darmstadt and Gießen,Roses-Wolf,1,1946,
DE73,Kassel,Roses-Wolf,1,1946,
DE80,Mecklenburg-Vorpommern,Roses-Wolf,1,1946,
DE91+DE92,Braunschweig und Hannover,Roses-Wolf,1,1946,
DE93,Lüneburg,Roses-Wolf,1,1946,
DE94,Weser-Ems,Roses-Wolf,1,1946,
DEA1,Düsseldorf,Roses-Wolf,1,1946,
DEA2,Köln,Roses-Wolf,1,1946,
DEA3,Münster,Roses-Wolf,1,1946,
DEA4,Detmold,Roses-Wolf,1,1946,
DEA5,Arnsberg,Roses-Wolf,1,1946,
DEB1,Koblenz,Roses-Wolf,1,1946,
DEB2,Trier,Roses-Wolf,1,1946,
DEB3,Rheinhessen-Pfalz,Roses-Wolf,1,1946,
DEC0,Saarland,Roses-Wolf,1,1946,
DED2,Dresden,Roses-Wolf,1,1946,
DED4,Chemnitz,Roses-Wolf,1,1946,
DED5,Leipzig,Roses-Wolf,1,1946,
DEE0,Sachsen-Anhalt,Roses-Wolf,1,1946,
DEF0,Schleswig-Holstein,Roses-Wolf,1,1946,
DEG0,Thüringen,Roses-Wolf,1,1946,
DE1,Baden-Württemberg,Tacite,1,1946,5800000.0
DE2,Bavaria,Tacite,1,1946,8800000.0
DE3,Berlin,Tacite,1,1946,3200000.0
DE4,Brandenburg,Tacite,1,1946,2600000.0
DE5,Bremen,Tacite,1,1946,500000.0
DE6,Hamburg,Tacite,1,1946,1400000.0
DE7,Hessen,Tacite,1,1946,4000000.0
DE8,Mecklenburg-Vorpommern,Tacite & Wiki,1,1946,2300000.0
DE9,Niedersachsen,Tacite,1,1946,6200000.0
DEA,Nordrhein-Westfalen,Tacite,1,1946,11700000.0
DEB,Rheinland-Pfalz,Tacite,1,1946,2700000.0
DEC,Saarland,Tacite & Daric(1955),1,1946,900000.0
DED,Sachsen-Anhalt,Tacite,1,1946,3700000.0
DEE,Saxony,Tacite,1,1946,5800000.0
DEF,Schleswig-Holstein,Tacite,1,1946,2600000.0
DEG,Thuringia,Tacite,1,1946,2800000.0
,Baden,Tacite,0,1946,
,Berlin,Tacite,0,1946,
,Brandenburg,Tacite,0,1946,
,East Berlin,Tacite,0,1946,1200000.0
,Mecklenburg,Tacite,0,1946,
,Rheinland,Tacite,0,1946,
,Vorpommern,Wiki,0,1946,
,West Berlin,Tacite,0,1946,2000000.0
,Westfalen,Tacite,0,1946,
,Württemberg,Tacite,0,1946,
DE11,Stuttgart,Roses-Wolf,1,1950,2435000.0
DE12,Karlsruhe,Roses-Wolf,1,1950,1473000.0
DE13,Freiburg,Roses-Wolf,1,1950,1339000.0
DE14,Tübingen,Roses-Wolf,1,1950,1184000.0
DE21,Oberbayern,Roses-Wolf,1,1950,2456000.0
DE22,Niederbayern,Roses-Wolf,1,1950,1081000.0
DE23,Oberpfalz,Roses-Wolf,1,1950,897000.0
DE24,Oberfranken,Roses-Wolf,1,1950,1116000.0
DE25,Mittelfranken,Roses-Wolf,1,1950,1284000.0
DE26,Unterfranken,Roses-Wolf,1,1950,1038000.0
DE27,Schwaben,Roses-Wolf,1,1950,1312000.0
DE30,Berlin,Roses-Wolf,1,1950,3336000.0
DE40,Brandenburg,Roses-Wolf,1,1950,2746000.0
DE50,Bremen,Roses-Wolf,1,1950,559000.0
DE60,Hamburg,Roses-Wolf,1,1950,1606000.0
DE71+DE72,Darmstadt and Gießen,Roses-Wolf,1,1950,3063000.0
DE73,Kassel,Roses-Wolf,1,1950,1261000.0
DE80,Mecklenburg-Vorpommern,Roses-Wolf,1,1950,2253000.0
DE91+DE92,Braunschweig und Hannover,Roses-Wolf,1,1950,3274000.0
DE93,Lüneburg,Roses-Wolf,1,1950,1646000.0
DE94,Weser-Ems,Roses-Wolf,1,1950,1877000.0
DEA1,Düsseldorf,Roses-Wolf,1,1950,4302000.0
DEA2,Köln,Roses-Wolf,1,1950,2443000.0
DEA3,Münster,Roses-Wolf,1,1950,1910000.0
DEA4,Detmold,Roses-Wolf,1,1950,1500000.0
DEA5,Arnsberg,Roses-Wolf,1,1950,3042000.0
DEB1,Koblenz,Roses-Wolf,1,1950,1140000.0
DEB2,Trier,Roses-Wolf,1,1950,429000.0
DEB3,Rheinhessen-Pfalz,Roses-Wolf,1,1950,1436000.0
DEC0,Saarland,Roses-Wolf,1,1950,955000.0
DED2,Dresden,Roses-Wolf,1,1950,1981000.0
DED4,Chemnitz,Roses-Wolf,1,1950,2334000.0
DED5,Leipzig,Roses-Wolf,1,1950,1652000.0
DEE0,Sachsen-Anhalt,Roses-Wolf,1,1950,3641000.0
DEF0,Schleswig-Holstein,Roses-Wolf,1,1950,2595000.0
DEG0,Thüringen,Roses-Wolf,1,1950,2693000.0
DE1,Baden-Württemberg,Tacite,1,1950,6400000.0
DE2,Bavaria,Tacite,1,1950,9200000.0
DE3,Berlin,Tacite,1,1950,3300000.0
DE4,Brandenburg,Tacite,1,1950,2700000.0
DE5,Bremen,Tacite,1,1950,600000.0
DE6,Hamburg,Tacite,1,1950,1600000.0
DE7,Hessen,Tacite,1,1950,4300000.0
DE8,Mecklenburg-Vorpommern,Tacite & Wiki,1,1950,2300000.0
DE9,Niedersachsen,Tacite,1,1950,6800000.0
DEA,Nordrhein-Westfalen,Tacite,1,1950,13200000.0
DEB,Rheinland-Pfalz,Tacite,1,1950,3000000.0
DEC,Saarland,Tacite & Daric(1955),1,1950,900000.0
DED,Sachsen-Anhalt,Tacite,1,1950,3600000.0
DEE,Saxony,Tacite,1,1950,5900000.0
DEF,Schleswig-Holstein,Tacite,1,1950,2600000.0
DEG,Thuringia,Tacite,1,1950,2700000.0
,Baden,Tacite,0,1950,
,Berlin,Tacite,0,1950,
,Brandenburg,Tacite,0,1950,
,East Berlin,Tacite,0,1950,1200000.0
,Mecklenburg,Tacite,0,1950,
,Rheinland,Tacite,0,1950,
,Vorpommern,Wiki,0,1950,
,West Berlin,Tacite,0,1950,2100000.0
,Westfalen,Tacite,0,1950,
,Württemberg,Tacite,0,1950,
DE11,Stuttgart,Roses-Wolf,1,1960,3038000.0
DE12,Karlsruhe,Roses-Wolf,1,1960,1697000.0
DE13,Freiburg,Roses-Wolf,1,1960,1626000.0
DE14,Tübingen,Roses-Wolf,1,1960,1398000.0
DE21,Oberbayern,Roses-Wolf,1,1960,2755000.0
DE22,Niederbayern,Roses-Wolf,1,1960,962000.0
DE23,Oberpfalz,Roses-Wolf,1,1960,890000.0
DE24,Oberfranken,Roses-Wolf,1,1960,1087000.0
DE25,Mittelfranken,Roses-Wolf,1,1960,1374000.0
DE26,Unterfranken,Roses-Wolf,1,1960,1090000.0
DE27,Schwaben,Roses-Wolf,1,1960,1358000.0
DE30,Berlin,Roses-Wolf,1,1960,3269000.0
DE40,Brandenburg,Roses-Wolf,1,1960,2655000.0
DE50,Bremen,Roses-Wolf,1,1960,706000.0
DE60,Hamburg,Roses-Wolf,1,1960,1832000.0
DE71+DE72,Darmstadt and Gießen,Roses-Wolf,1,1960,3558000.0
DE73,Kassel,Roses-Wolf,1,1960,1256000.0
DE80,Mecklenburg-Vorpommern,Roses-Wolf,1,1960,2107000.0
DE91+DE92,Braunschweig und Hannover,Roses-Wolf,1,1960,3253000.0
DE93,Lüneburg,Roses-Wolf,1,1960,1534000.0
DE94,Weser-Ems,Roses-Wolf,1,1960,1854000.0
DEA1,Düsseldorf,Roses-Wolf,1,1960,5376000.0
DEA2,Köln,Roses-Wolf,1,1960,3063000.0
DEA3,Münster,Roses-Wolf,1,1960,2259000.0
DEA4,Detmold,Roses-Wolf,1,1960,1606000.0
DEA5,Arnsberg,Roses-Wolf,1,1960,3598000.0
DEB1,Koblenz,Roses-Wolf,1,1960,1268000.0
DEB2,Trier,Roses-Wolf,1,1960,459000.0
DEB3,Rheinhessen-Pfalz,Roses-Wolf,1,1960,1690000.0
DEC0,Saarland,Roses-Wolf,1,1960,1073000.0
DED2,Dresden,Roses-Wolf,1,1960,1885000.0
DED4,Chemnitz,Roses-Wolf,1,1960,2112000.0
DED5,Leipzig,Roses-Wolf,1,1960,1519000.0
DEE0,Sachsen-Anhalt,Roses-Wolf,1,1960,3347000.0
DEF0,Schleswig-Holstein,Roses-Wolf,1,1960,2317000.0
DEG0,Thüringen,Roses-Wolf,1,1960,2520000.0
DE1,Baden-Württemberg,Tacite,1,1960,7800000.0
DE2,Bavaria,Tacite,1,1960,9500000.0
DE3,Berlin,Tacite,1,1960,3300000.0
DE4,Brandenburg,Tacite,1,1960,2700000.0
DE5,Bremen,Tacite,1,1960,700000.0
DE6,Hamburg,Tacite,1,1960,1800000.0
DE7,Hessen,Tacite,1,1960,4800000.0
DE8,Mecklenburg-Vorpommern,Tacite & Wiki,1,1960,2100000.0
DE9,Niedersachsen,Tacite,1,1960,6600000.0
DEA,Nordrhein-Westfalen,Tacite,1,1960,15900000.0
DEB,Rheinland-Pfalz,Tacite,1,1960,3400000.0
DEC,Saarland,Tacite & Daric(1955),1,1960,1100000.0
DED,Sachsen-Anhalt,Tacite,1,1960,3300000.0
DEE,Saxony,Tacite,1,1960,5500000.0
DEF,Schleswig-Holstein,Tacite,1,1960,2300000.0
DEG,Thuringia,Tacite,1,1960,2500000.0
,Baden,Tacite,0,1960,
,Berlin,Tacite,0,1960,
,Brandenburg,Tacite,0,1960,
,East Berlin,Tacite,0,1960,1100000.0
,Mecklenburg,Tacite,0,1960,
,Rheinland,Tacite,0,1960,
,Vorpommern,Wiki,0,1960,
,West Berlin,Tacite,0,1960,2200000.0
,Westfalen,Tacite,0,1960,
,Württemberg,Tacite,0,1960,
DE11,Stuttgart,Roses-Wolf,1,1970,3496000.0
DE12,Karlsruhe,Roses-Wolf,1,1970,1910000.0
DE13,Freiburg,Roses-Wolf,1,1970,1868000.0
DE14,Tübingen,Roses-Wolf,1,1970,1622000.0
DE21,Oberbayern,Roses-Wolf,1,1970,3242000.0
DE22,Niederbayern,Roses-Wolf,1,1970,1012000.0
DE23,Oberpfalz,Roses-Wolf,1,1970,956000.0
DE24,Oberfranken,Roses-Wolf,1,1970,1116000.0
DE25,Mittelfranken,Roses-Wolf,1,1970,1485000.0
DE26,Unterfranken,Roses-Wolf,1,1970,1181000.0
DE27,Schwaben,Roses-Wolf,1,1970,1487000.0
DE30,Berlin,Roses-Wolf,1,1970,3208000.0
DE40,Brandenburg,Roses-Wolf,1,1970,2660000.0
DE50,Bremen,Roses-Wolf,1,1970,723000.0
DE60,Hamburg,Roses-Wolf,1,1970,1794000.0
DE71+DE72,Darmstadt and Gießen,Roses-Wolf,1,1970,4033000.0
DE73,Kassel,Roses-Wolf,1,1970,1349000.0
DE80,Mecklenburg-Vorpommern,Roses-Wolf,1,1970,2095000.0
DE91+DE92,Braunschweig und Hannover,Roses-Wolf,1,1970,3363000.0
DE93,Lüneburg,Roses-Wolf,1,1970,1691000.0
DE94,Weser-Ems,Roses-Wolf,1,1970,2029000.0
DEA1,Düsseldorf,Roses-Wolf,1,1970,5626000.0
DEA2,Köln,Roses-Wolf,1,1970,3429000.0
DEA3,Münster,Roses-Wolf,1,1970,2402000.0
DEA4,Detmold,Roses-Wolf,1,1970,1737000.0
DEA5,Arnsberg,Roses-Wolf,1,1970,3721000.0
DEB1,Koblenz,Roses-Wolf,1,1970,1354000.0
DEB2,Trier,Roses-Wolf,1,1970,482000.0
DEB3,Rheinhessen-Pfalz,Roses-Wolf,1,1970,1809000.0
DEC0,Saarland,Roses-Wolf,1,1970,1120000.0
DED2,Dresden,Roses-Wolf,1,1970,1873000.0
DED4,Chemnitz,Roses-Wolf,1,1970,2048000.0
DED5,Leipzig,Roses-Wolf,1,1970,1491000.0
DEE0,Sachsen-Anhalt,Roses-Wolf,1,1970,3243000.0
DEF0,Schleswig-Holstein,Roses-Wolf,1,1970,2494000.0
DEG0,Thüringen,Roses-Wolf,1,1970,2547000.0
DE1,Baden-Württemberg,Tacite,1,1970,8900000.0
DE2,Bavaria,Tacite,1,1970,10500000.0
DE3,Berlin,Tacite,1,1970,3200000.0
DE4,Brandenburg,Tacite,1,1970,2700000.0
DE5,Bremen,Tacite,1,1970,700000.0
DE6,Hamburg,Tacite,1,1970,1800000.0
DE7,Hessen,Tacite,1,1970,5400000.0
DE8,Mecklenburg-Vorpommern,Tacite & Wiki,1,1970,2100000.0
DE9,Niedersachsen,Tacite,1,1970,7100000.0
DEA,Nordrhein-Westfalen,Tacite,1,1970,16900000.0
DEB,Rheinland-Pfalz,Tacite,1,1970,3600000.0
DEC,Saarland,Tacite & Daric(1955),1,1970,1100000.0
DED,Sachsen-Anhalt,Tacite,1,1970,3200000.0
DEE,Saxony,Tacite,1,1970,5300000.0
DEF,Schleswig-Holstein,Tacite,1,1970,2500000.0
DEG,Thuringia,Tacite,1,1970,2500000.0
,Baden,Tacite,0,1970,
,Berlin,Tacite,0,1970,
,Brandenburg,Tacite,0,1970,
,East Berlin,Tacite,0,1970,1100000.0
,Mecklenburg,Tacite,0,1970,
,Rheinland,Tacite,0,1970,
,Vorpommern,Wiki,0,1970,
,West Berlin,Tacite,0,1970,2100000.0
,Westfalen,Tacite,0,1970,
,Württemberg,Tacite,0,1970,
DE11,Stuttgart,Roses-Wolf,1,1980,3459000.0
DE12,Karlsruhe,Roses-Wolf,1,1980,2380000.0
DE13,Freiburg,Roses-Wolf,1,1980,1851000.0
DE14,Tübingen,Roses-Wolf,1,1980,1499000.0
DE21,Oberbayern,Roses-Wolf,1,1980,3643000.0
DE22,Niederbayern,Roses-Wolf,1,1980,997000.0
DE23,Oberpfalz,Roses-Wolf,1,1980,966000.0
DE24,Oberfranken,Roses-Wolf,1,1980,1052000.0
DE25,Mittelfranken,Roses-Wolf,1,1980,1518000.0
DE26,Unterfranken,Roses-Wolf,1,1980,1193000.0
DE27,Schwaben,Roses-Wolf,1,1980,1529000.0
DE30,Berlin,Roses-Wolf,1,1980,3051000.0
DE40,Brandenburg,Roses-Wolf,1,1980,2667000.0
DE50,Bremen,Roses-Wolf,1,1980,695000.0
DE60,Hamburg,Roses-Wolf,1,1980,1649000.0
DE71+DE72,Darmstadt and Gießen,Roses-Wolf,1,1980,4304000.0
DE73,Kassel,Roses-Wolf,1,1980,1401000.0
DE80,Mecklenburg-Vorpommern,Roses-Wolf,1,1980,2101000.0
DE91+DE92,Braunschweig und Hannover,Roses-Wolf,1,1980,3689000.0
DE93,Lüneburg,Roses-Wolf,1,1980,1451000.0
DE94,Weser-Ems,Roses-Wolf,1,1980,2107000.0
DEA1,Düsseldorf,Roses-Wolf,1,1980,5209000.0
DEA2,Köln,Roses-Wolf,1,1980,3914000.0
DEA3,Münster,Roses-Wolf,1,1980,2412000.0
DEA4,Detmold,Roses-Wolf,1,1980,1814000.0
DEA5,Arnsberg,Roses-Wolf,1,1980,3691000.0
DEB1,Koblenz,Roses-Wolf,1,1980,1363000.0
DEB2,Trier,Roses-Wolf,1,1980,471000.0
DEB3,Rheinhessen-Pfalz,Roses-Wolf,1,1980,1805000.0
DEC0,Saarland,Roses-Wolf,1,1980,1068000.0
DED2,Dresden,Roses-Wolf,1,1980,1806000.0
DED4,Chemnitz,Roses-Wolf,1,1980,1930000.0
DED5,Leipzig,Roses-Wolf,1,1980,1412000.0
DEE0,Sachsen-Anhalt,Roses-Wolf,1,1980,3101000.0
DEF0,Schleswig-Holstein,Roses-Wolf,1,1980,2605000.0
DEG0,Thüringen,Roses-Wolf,1,1980,2529000.0
DE1,Baden-Württemberg,Tacite,1,1980,9200000.0
DE2,Bavaria,Tacite,1,1980,10900000.0
DE3,Berlin,Tacite,1,1980,3100000.0
DE4,Brandenburg,Tacite,1,1980,2700000.0
DE5,Bremen,Tacite,1,1980,700000.0
DE6,Hamburg,Tacite,1,1980,1700000.0
DE7,Hessen,Tacite,1,1980,5600000.0
DE8,Mecklenburg-Vorpommern,Tacite & Wiki,1,1980,2100000.0
DE9,Niedersachsen,Tacite,1,1980,7200000.0
DEA,Nordrhein-Westfalen,Tacite,1,1980,17000000.0
DEB,Rheinland-Pfalz,Tacite,1,1980,3600000.0
DEC,Saarland,Tacite & Daric(1955),1,1980,1100000.0
DED,Sachsen-Anhalt,Tacite,1,1980,3100000.0
DEE,Saxony,Tacite,1,1980,5100000.0
DEF,Schleswig-Holstein,Tacite,1,1980,2600000.0
DEG,Thuringia,Tacite,1,1980,2500000.0
,Baden,Tacite,0,1980,
,Berlin,Tacite,0,1980,
,Brandenburg,Tacite,0,1980,
,East Berlin,Tacite,0,1980,1200000.0
,Mecklenburg,Tacite,0,1980,
,Rheinland,Tacite,0,1980,
,Vorpommern,Wiki,0,1980,
,West Berlin,Tacite,0,1980,1900000.0
,Westfalen,Tacite,0,1980,
,Württemberg,Tacite,0,1980,
DE11,Stuttgart,Roses-Wolf,1,1990,3717000.0
DE12,Karlsruhe,Roses-Wolf,1,1990,2558000.0
DE13,Freiburg,Roses-Wolf,1,1990,1992000.0
DE14,Tübingen,Roses-Wolf,1,1990,1637000.0
DE21,Oberbayern,Roses-Wolf,1,1990,3721000.0
DE22,Niederbayern,Roses-Wolf,1,1990,1057000.0
DE23,Oberpfalz,Roses-Wolf,1,1990,991000.0
DE24,Oberfranken,Roses-Wolf,1,1990,1056000.0
DE25,Mittelfranken,Roses-Wolf,1,1990,1566000.0
DE26,Unterfranken,Roses-Wolf,1,1990,1235000.0
DE27,Schwaben,Roses-Wolf,1,1990,1594000.0
DE30,Berlin,Roses-Wolf,1,1990,3400000.0
DE40,Brandenburg,Roses-Wolf,1,1990,2602000.0
DE50,Bremen,Roses-Wolf,1,1990,674000.0
DE60,Hamburg,Roses-Wolf,1,1990,1626000.0
DE71+DE72,Darmstadt and Gießen,Roses-Wolf,1,1990,4473000.0
DE73,Kassel,Roses-Wolf,1,1990,1188000.0
DE80,Mecklenburg-Vorpommern,Roses-Wolf,1,1990,1964000.0
DE91+DE92,Braunschweig und Hannover,Roses-Wolf,1,1990,3647000.0
DE93,Lüneburg,Roses-Wolf,1,1990,1467000.0
DE94,Weser-Ems,Roses-Wolf,1,1990,2170000.0
DEA1,Düsseldorf,Roses-Wolf,1,1990,5168000.0
DEA2,Köln,Roses-Wolf,1,1990,3963000.0
DEA3,Münster,Roses-Wolf,1,1990,2438000.0
DEA4,Detmold,Roses-Wolf,1,1990,1850000.0
DEA5,Arnsberg,Roses-Wolf,1,1990,3685000.0
DEB1,Koblenz,Roses-Wolf,1,1990,1377000.0
DEB2,Trier,Roses-Wolf,1,1990,478000.0
DEB3,Rheinhessen-Pfalz,Roses-Wolf,1,1990,1847000.0
DEC0,Saarland,Roses-Wolf,1,1990,1065000.0
DED2,Dresden,Roses-Wolf,1,1990,1765000.0
DED4,Chemnitz,Roses-Wolf,1,1990,1779000.0
DED5,Leipzig,Roses-Wolf,1,1990,1249000.0
DEE0,Sachsen-Anhalt,Roses-Wolf,1,1990,2965000.0
DEF0,Schleswig-Holstein,Roses-Wolf,1,1990,2595000.0
DEG0,Thüringen,Roses-Wolf,1,1990,2684000.0
DE1,Baden-Württemberg,Tacite,1,1990,9700000.0
DE2,Bavaria,Tacite,1,1990,11300000.0
DE3,Berlin,Tacite,1,1990,3400000.0
DE4,Brandenburg,Tacite,1,1990,2600000.0
DE5,Bremen,Tacite,1,1990,700000.0
DE6,Hamburg,Tacite,1,1990,1600000.0
DE7,Hessen,Tacite,1,1990,5700000.0
DE8,Mecklenburg-Vorpommern,Tacite & Wiki,1,1990,1900000.0
DE9,Niedersachsen,Tacite,1,1990,7300000.0
DEA,Nordrhein-Westfalen,Tacite,1,1990,17200000.0
DEB,Rheinland-Pfalz,Tacite,1,1990,3700000.0
DEC,Saarland,Tacite & Daric(1955),1,1990,1100000.0
DED,Sachsen-Anhalt,Tacite,1,1990,2900000.0
DEE,Saxony,Tacite,1,1990,4800000.0
DEF,Schleswig-Holstein,Tacite,1,1990,2600000.0
DEG,Thuringia,Tacite,1,1990,2600000.0
,Baden,Tacite,0,1990,
,Berlin,Tacite,0,1990,
,Brandenburg,Tacite,0,1990,
,East Berlin,Tacite,0,1990,
,Mecklenburg,Tacite,0,1990,
,Rheinland,Tacite,0,1990,
,Vorpommern,Wiki,0,1990,
,West Berlin,Tacite,0,1990,3400000.0
,Westfalen,Tacite,0,1990,
,Württemberg,Tacite,0,1990,
DE11,Stuttgart,Roses-Wolf,1,2000,3874000.0
DE12,Karlsruhe,Roses-Wolf,1,2000,2646000.0
DE13,Freiburg,Roses-Wolf,1,2000,2102000.0
DE14,Tübingen,Roses-Wolf,1,2000,1737000.0
DE21,Oberbayern,Roses-Wolf,1,2000,4034000.0
DE22,Niederbayern,Roses-Wolf,1,2000,1170000.0
DE23,Oberpfalz,Roses-Wolf,1,2000,1074000.0
DE24,Oberfranken,Roses-Wolf,1,2000,1114000.0
DE25,Mittelfranken,Roses-Wolf,1,2000,1683000.0
DE26,Unterfranken,Roses-Wolf,1,2000,1334000.0
DE27,Schwaben,Roses-Wolf,1,2000,1746000.0
DE30,Berlin,Roses-Wolf,1,2000,3387000.0
DE40,Brandenburg,Roses-Wolf,1,2000,2601000.0
DE50,Bremen,Roses-Wolf,1,2000,663000.0
DE60,Hamburg,Roses-Wolf,1,2000,1705000.0
DE71+DE72,Darmstadt and Gießen,Roses-Wolf,1,2000,4783000.0
DE73,Kassel,Roses-Wolf,1,2000,1269000.0
DE80,Mecklenburg-Vorpommern,Roses-Wolf,1,2000,1789000.0
DE91+DE92,Braunschweig und Hannover,Roses-Wolf,1,2000,3822000.0
DE93,Lüneburg,Roses-Wolf,1,2000,1661000.0
DE94,Weser-Ems,Roses-Wolf,1,2000,2416000.0
DEA1,Düsseldorf,Roses-Wolf,1,2000,5264000.0
DEA2,Köln,Roses-Wolf,1,2000,4264000.0
DEA3,Münster,Roses-Wolf,1,2000,2609000.0
DEA4,Detmold,Roses-Wolf,1,2000,2049000.0
DEA5,Arnsberg,Roses-Wolf,1,2000,3814000.0
DEB1,Koblenz,Roses-Wolf,1,2000,1516000.0
DEB2,Trier,Roses-Wolf,1,2000,512000.0
DEB3,Rheinhessen-Pfalz,Roses-Wolf,1,2000,2003000.0
DEC0,Saarland,Roses-Wolf,1,2000,1072000.0
DED2,Dresden,Roses-Wolf,1,2000,1725000.0
DED4,Chemnitz,Roses-Wolf,1,2000,1639000.0
DED5,Leipzig,Roses-Wolf,1,2000,1096000.0
DEE0,Sachsen-Anhalt,Roses-Wolf,1,2000,2649000.0
DEF0,Schleswig-Holstein,Roses-Wolf,1,2000,2777000.0
DEG0,Thüringen,Roses-Wolf,1,2000,2449000.0
DE1,Baden-Württemberg,Tacite,1,2000,10700000.0
DE2,Bavaria,Tacite,1,2000,12400000.0
DE3,Berlin,Tacite,1,2000,3400000.0
DE4,Brandenburg,Tacite,1,2000,2600000.0
DE5,Bremen,Tacite,1,2000,700000.0
DE6,Hamburg,Tacite,1,2000,1700000.0
DE7,Hessen,Tacite,1,2000,6100000.0
DE8,Mecklenburg-Vorpommern,Tacite & Wiki,1,2000,1700000.0
DE9,Niedersachsen,Tacite,1,2000,8000000.0
DEA,Nordrhein-Westfalen,Tacite,1,2000,18100000.0
DEB,Rheinland-Pfalz,Tacite,1,2000,4100000.0
DEC,Saarland,Tacite & Daric(1955),1,2000,1100000.0
DED,Sachsen-Anhalt,Tacite,1,2000,2500000.0
DEE,Saxony,Tacite,1,2000,4300000.0
DEF,Schleswig-Holstein,Tacite,1,2000,2800000.0
DEG,Thuringia,Tacite,1,2000,2400000.0
,Baden,Tacite,0,2000,
,Berlin,Tacite,0,2000,
,Brandenburg,Tacite,0,2000,
,East Berlin,Tacite,0,2000,
,Mecklenburg,Tacite,0,2000,
,Rheinland,Tacite,0,2000,
,Vorpommern,Wiki,0,2000,
,West Berlin,Tacite,0,2000,3400000.0
,Westfalen,Tacite,0,2000,
,Württemberg,Tacite,0,2000,
DE11,Stuttgart,Roses-Wolf,1,2010,3902000.0
DE12,Karlsruhe,Roses-Wolf,1,2010,2673000.0
DE13,Freiburg,Roses-Wolf,1,2010,2142000.0
DE14,Tübingen,Roses-Wolf,1,2010,1763000.0
DE21,Oberbayern,Roses-Wolf,1,2010,4346000.0
DE22,Niederbayern,Roses-Wolf,1,2010,1189000.0
DE23,Oberpfalz,Roses-Wolf,1,2010,1081000.0
DE24,Oberfranken,Roses-Wolf,1,2010,1076000.0
DE25,Mittelfranken,Roses-Wolf,1,2010,1710000.0
DE26,Unterfranken,Roses-Wolf,1,2010,1322000.0
DE27,Schwaben,Roses-Wolf,1,2010,1785000.0
DE30,Berlin,Roses-Wolf,1,2010,3443000.0
DE40,Brandenburg,Roses-Wolf,1,2010,2512000.0
DE50,Bremen,Roses-Wolf,1,2010,662000.0
DE60,Hamburg,Roses-Wolf,1,2010,1774000.0
DE71+DE72,Darmstadt and Gießen,Roses-Wolf,1,2010,4837000.0
DE73,Kassel,Roses-Wolf,1,2010,1225000.0
DE80,Mecklenburg-Vorpommern,Roses-Wolf,1,2010,1651000.0
DE91+DE92,Braunschweig und Hannover,Roses-Wolf,1,2010,3759000.0
DE93,Lüneburg,Roses-Wolf,1,2010,1694000.0
DE94,Weser-Ems,Roses-Wolf,1,2010,2476000.0
DEA1,Düsseldorf,Roses-Wolf,1,2010,5173000.0
DEA2,Köln,Roses-Wolf,1,2010,4383000.0
DEA3,Münster,Roses-Wolf,1,2010,2598000.0
DEA4,Detmold,Roses-Wolf,1,2010,2043000.0
DEA5,Arnsberg,Roses-Wolf,1,2010,3676000.0
DEB1,Koblenz,Roses-Wolf,1,2010,1491000.0
DEB2,Trier,Roses-Wolf,1,2010,514000.0
DEB3,Rheinhessen-Pfalz,Roses-Wolf,1,2010,2008000.0
DEC0,Saarland,Roses-Wolf,1,2010,1023000.0
DED2,Dresden,Roses-Wolf,1,2010,1631000.0
DED4,Chemnitz,Roses-Wolf,1,2010,1540000.0
DED5,Leipzig,Roses-Wolf,1,2010,997000.0
DEE0,Sachsen-Anhalt,Roses-Wolf,1,2010,2356000.0
DEF0,Schleswig-Holstein,Roses-Wolf,1,2010,2832000.0
DEG0,Thüringen,Roses-Wolf,1,2010,2250000.0
DE1,Baden-Württemberg,Tacite,1,2010,
DE2,Bavaria,Tacite,1,2010,
DE3,Berlin,Tacite,1,2010,
DE4,Brandenburg,Tacite,1,2010,
DE5,Bremen,Tacite,1,2010,
DE6,Hamburg,Tacite,1,2010,
DE7,Hessen,Tacite,1,2010,
DE8,Mecklenburg-Vorpommern,Tacite & Wiki,1,2010,
DE9,Niedersachsen,Tacite,1,2010,
DEA,Nordrhein-Westfalen,Tacite,1,2010,
DEB,Rheinland-Pfalz,Tacite,1,2010,
DEC,Saarland,Tacite & Daric(1955),1,2010,
DED,Sachsen-Anhalt,Tacite,1,2010,
DEE,Saxony,Tacite,1,2010,
DEF,Schleswig-Holstein,Tacite,1,2010,
DEG,Thuringia,Tacite,1,2010,
,Baden,Tacite,0,2010,
,Berlin,Tacite,0,2010,
,Brandenburg,Tacite,0,2010,
,East Berlin,Tacite,0,2010,
,Mecklenburg,Tacite,0,2010,
,Rheinland,Tacite,0,2010,
,Vorpommern,Wiki,0,2010,
,West Berlin,Tacite,0,2010,
,Westfalen,Tacite,0,2010,
,Württemberg,Tacite,0,2010,
DE11,Stuttgart,Roses-Wolf,1,2015,4032000.0
DE12,Karlsruhe,Roses-Wolf,1,2015,2738000.0
DE13,Freiburg,Roses-Wolf,1,2015,2205000.0
DE14,Tübingen,Roses-Wolf,1,2015,1806000.0
DE21,Oberbayern,Roses-Wolf,1,2015,4547000.0
DE22,Niederbayern,Roses-Wolf,1,2015,1205000.0
DE23,Oberpfalz,Roses-Wolf,1,2015,1089000.0
DE24,Oberfranken,Roses-Wolf,1,2015,1062000.0
DE25,Mittelfranken,Roses-Wolf,1,2015,1726000.0
DE26,Unterfranken,Roses-Wolf,1,2015,1307000.0
DE27,Schwaben,Roses-Wolf,1,2015,1832000.0
DE30,Berlin,Roses-Wolf,1,2015,3491000.0
DE40,Brandenburg,Roses-Wolf,1,2015,2473000.0
DE50,Bremen,Roses-Wolf,1,2015,666000.0
DE60,Hamburg,Roses-Wolf,1,2015,1773000.0
DE71+DE72,Darmstadt and Gießen,Roses-Wolf,1,2015,5661000.0
DE73,Kassel,Roses-Wolf,1,2015,1208000.0
DE80,Mecklenburg-Vorpommern,Roses-Wolf,1,2015,1609000.0
DE91+DE92,Braunschweig und Hannover,Roses-Wolf,1,2015,3198000.0
DE93,Lüneburg,Roses-Wolf,1,2015,1688000.0
DE94,Weser-Ems,Roses-Wolf,1,2015,2476000.0
DEA1,Düsseldorf,Roses-Wolf,1,2015,5139000.0
DEA2,Köln,Roses-Wolf,1,2015,4388000.0
DEA3,Münster,Roses-Wolf,1,2015,2596000.0
DEA4,Detmold,Roses-Wolf,1,2015,2042000.0
DEA5,Arnsberg,Roses-Wolf,1,2015,3579000.0
DEB1,Koblenz,Roses-Wolf,1,2015,1486000.0
DEB2,Trier,Roses-Wolf,1,2015,525000.0
DEB3,Rheinhessen-Pfalz,Roses-Wolf,1,2015,2025000.0
DEC0,Saarland,Roses-Wolf,1,2015,995000.0
DED2,Dresden,Roses-Wolf,1,2015,1602000.0
DED4,Chemnitz,Roses-Wolf,1,2015,1472000.0
DED5,Leipzig,Roses-Wolf,1,2015,1005000.0
DEE0,Sachsen-Anhalt,Roses-Wolf,1,2015,2249000.0
DEF0,Schleswig-Holstein,Roses-Wolf,1,2015,2848000.0
DEG0,Thüringen,Roses-Wolf,1,2015,2170000.0
DE1,Baden-Württemberg,Tacite,1,2015,
DE2,Bavaria,Tacite,1,2015,
DE3,Berlin,Tacite,1,2015,
DE4,Brandenburg,Tacite,1,2015,
DE5,Bremen,Tacite,1,2015,
DE6,Hamburg,Tacite,1,2015,
DE7,Hessen,Tacite,1,2015,
DE8,Mecklenburg-Vorpommern,Tacite & Wiki,1,2015,
DE9,Niedersachsen,Tacite,1,2015,
DEA,Nordrhein-Westfalen,Tacite,1,2015,
DEB,Rheinland-Pfalz,Tacite,1,2015,
DEC,Saarland,Tacite & Daric(1955),1,2015,
DED,Sachsen-Anhalt,Tacite,1,2015,
DEE,Saxony,Tacite,1,2015,
DEF,Schleswig-Holstein,Tacite,1,2015,
DEG,Thuringia,Tacite,1,2015,
,Baden,Tacite,0,2015,
,Berlin,Tacite,0,2015,
,Brandenburg,Tacite,0,2015,
,East Berlin,Tacite,0,2015,
,Mecklenburg,Tacite,0,2015,
,Rheinland,Tacite,0,2015,
,Vorpommern,Wiki,0,2015,
,West Berlin,Tacite,0,2015,
,Westfalen,Tacite,0,2015,
,Württemberg,Tacite,0,2015,
